{
    "CompleterNpc": "罗格",
    "NextQuestId": -1,
    "RandomReward": 0b,
    "QuestRepeat": 0,
    "QuestCompletion": 1,
    "Title": "职业：战士",
    "Text": "",
    "QuestFactionPoints": {
        "DecreaseFaction1Points": 0b,
        "OptionFaction2Points": 100,
        "OptionFactions1": 6,
        "OptionFactions2": -1,
        "OptionFaction1Points": 50,
        "DecreaseFaction2Points": 0b
    },
    "RewardExp": 10,
    "QuestCommand": "",
    "QuestDialogs": [
        {
            "Integer": 22,
            "Slot": 0
        }
    ],
    "ModRev": 18,
    "Type": 1,
    "QuestMail": {
        "Sender": "",
        "BeenRead": 0b,
        "Message": {
        },
        "MailItems": [
        ],
        "MailQuest": -1,
        "TimePast": 1655199349085L,
        "Time": 0L,
        "Subject": ""
    },
    "Rewards": {
        "NpcMiscInv": [
            {
                "Slot": 0b,
                "ForgeCaps": {
                    "customnpcs:itemscripteddata": {
                    }
                },
                "id": "variedcommodities:cow_leather_chest",
                "Count": 1b,
                "tag": {
                    "Unbreakable": 1b,
                    "display": {
                        "Lore": [
                            "§3用牛皮做的盔甲，防御力不高但非常轻便"
                        ],
                        "Name": "§1[普通]牛皮甲"
                    },
                    "AttributeModifiers": [
                        {
                            "UUIDMost": 9339937173818287L,
                            "UUIDLeast": 9339937173818287L,
                            "Amount": 5.0d,
                            "Slot": "chest",
                            "AttributeName": "generic.maxHealth",
                            "Operation": 0,
                            "Name": "noName"
                        },
                        {
                            "UUIDMost": 9698338161991174L,
                            "UUIDLeast": 9698338161991174L,
                            "Amount": 0.1d,
                            "Slot": "chest",
                            "AttributeName": "generic.movementSpeed",
                            "Operation": 1,
                            "Name": "noName"
                        }
                    ]
                },
                "Damage": 0s
            },
            {
                "Slot": 1b,
                "ForgeCaps": {
                    "customnpcs:itemscripteddata": {
                    }
                },
                "id": "variedcommodities:cow_leather_legs",
                "Count": 1b,
                "tag": {
                    "Unbreakable": 1b,
                    "display": {
                        "Lore": [
                            "§3用牛皮做的护腿，防御力不高但非常轻便"
                        ],
                        "Name": "§1[普通]牛皮护腿"
                    },
                    "AttributeModifiers": [
                        {
                            "UUIDMost": 9339937173818287L,
                            "UUIDLeast": 9339937173818287L,
                            "Amount": 5.0d,
                            "Slot": "legs",
                            "AttributeName": "generic.maxHealth",
                            "Operation": 0,
                            "Name": "noName"
                        },
                        {
                            "UUIDMost": 9698338161991174L,
                            "UUIDLeast": 9698338161991174L,
                            "Amount": 0.1d,
                            "Slot": "legs",
                            "AttributeName": "generic.movementSpeed",
                            "Operation": 1,
                            "Name": "noName"
                        }
                    ]
                },
                "Damage": 0s
            },
            {
                "Slot": 2b,
                "ForgeCaps": {
                    "customnpcs:itemscripteddata": {
                    }
                },
                "id": "variedcommodities:cow_leather_boots",
                "Count": 1b,
                "tag": {
                    "Unbreakable": 1b,
                    "display": {
                        "Lore": [
                            "§3用牛皮做的靴子，防御力不高但非常轻便"
                        ],
                        "Name": "§1[普通]牛皮靴子"
                    },
                    "AttributeModifiers": [
                        {
                            "UUIDMost": 9339937173818287L,
                            "UUIDLeast": 9339937173818287L,
                            "Amount": 5.0d,
                            "Slot": "feet",
                            "AttributeName": "generic.maxHealth",
                            "Operation": 0,
                            "Name": "noName"
                        },
                        {
                            "UUIDMost": 9698338161991174L,
                            "UUIDLeast": 9698338161991174L,
                            "Amount": 0.1d,
                            "Slot": "feet",
                            "AttributeName": "generic.movementSpeed",
                            "Operation": 1,
                            "Name": "noName"
                        }
                    ]
                },
                "Damage": 0s
            },
            {
                "Slot": 3b,
                "ForgeCaps": {
                    "customnpcs:itemscripteddata": {
                    }
                },
                "id": "variedcommodities:saber",
                "Count": 1b,
                "tag": {
                    "Unbreakable": 1b,
                    "display": {
                        "Lore": [
                            "§3简单的小刀，但有着不错的攻击力"
                        ],
                        "Name": "§1[普通]小刀"
                    },
                    "AttributeModifiers": [
                        {
                            "UUIDMost": 6552153279989323L,
                            "UUIDLeast": 6552153279989323L,
                            "Amount": 10.0d,
                            "Slot": "mainhand",
                            "AttributeName": "generic.attackDamage",
                            "Operation": 0,
                            "Name": "noName"
                        }
                    ]
                },
                "Damage": 0s
            },
            {
                "Slot": 4b,
                "ForgeCaps": {
                    "customnpcs:itemscripteddata": {
                    }
                },
                "id": "variedcommodities:wooden_shield_round",
                "Count": 1b,
                "tag": {
                    "Unbreakable": 1b,
                    "display": {
                        "Lore": [
                            "§3木质的圆盾，用来防御不错"
                        ],
                        "Name": "§1[普通]圆木盾"
                    },
                    "AttributeModifiers": [
                        {
                            "UUIDMost": 6552153279989323L,
                            "UUIDLeast": 6552153279989323L,
                            "Amount": 0.1d,
                            "Slot": "offhand",
                            "AttributeName": "generic.knockbackResistance",
                            "Operation": 1,
                            "Name": "noName"
                        }
                    ]
                },
                "Damage": 0s
            }
        ]
    },
    "CompleteText": "你领取了战士的装备 ",
    "NextQuestTitle": ""
}
