{
    "CompleterNpc": "兰斯格",
    "NextQuestId": 7,
    "QuestLocation3": "",
    "RandomReward": 0b,
    "QuestLocation2": "",
    "QuestRepeat": 0,
    "QuestCompletion": 1,
    "Title": "序章：大任务",
    "Text": "",
    "QuestFactionPoints": {
        "DecreaseFaction1Points": 0b,
        "OptionFaction2Points": 100,
        "OptionFactions1": -1,
        "OptionFactions2": -1,
        "OptionFaction1Points": 100,
        "DecreaseFaction2Points": 0b
    },
    "RewardExp": 0,
    "QuestCommand": "",
    "ModRev": 18,
    "Type": 3,
    "QuestMail": {
        "Sender": "",
        "BeenRead": 0b,
        "Message": {
        },
        "MailItems": [
        ],
        "MailQuest": -1,
        "TimePast": 1655196094984L,
        "Time": 0L,
        "Subject": ""
    },
    "Rewards": {
        "NpcMiscInv": [
        ]
    },
    "CompleteText": "",
    "NextQuestTitle": "序章：大任务2",
    "QuestLocation": "洞穴底部"
}
