{
    "CompleterNpc": "兰斯格",
    "NextQuestId": 5,
    "RandomReward": 0b,
    "QuestRepeat": 0,
    "QuestCompletion": 1,
    "Title": "序章：狼牙佣兵团4",
    "Text": "",
    "QuestFactionPoints": {
        "DecreaseFaction1Points": 0b,
        "OptionFaction2Points": 100,
        "OptionFactions1": -1,
        "OptionFactions2": -1,
        "OptionFaction1Points": 100,
        "DecreaseFaction2Points": 0b
    },
    "RewardExp": 0,
    "QuestCommand": "/tp @dp 347 77 836",
    "QuestDialogs": [
        {
            "Integer": 10,
            "Slot": 0
        }
    ],
    "ModRev": 18,
    "Type": 1,
    "QuestMail": {
        "Sender": "",
        "BeenRead": 0b,
        "Message": {
        },
        "MailItems": [
        ],
        "MailQuest": -1,
        "TimePast": 1655196128135L,
        "Time": 0L,
        "Subject": ""
    },
    "Rewards": {
        "NpcMiscInv": [
            {
                "Slot": 0b,
                "ForgeCaps": {
                    "customnpcs:itemscripteddata": {
                    }
                },
                "id": "variedcommodities:letter",
                "Count": 3b,
                "tag": {
                    "HideFlags": 63b,
                    "display": {
                        "Lore": [
                            "§6用于雇佣同伴，可由任务获得"
                        ],
                        "Name": "§3（任务物品）同伴契约"
                    }
                },
                "Damage": 0s
            },
            {
                "Slot": 1b,
                "ForgeCaps": {
                    "customnpcs:itemscripteddata": {
                    }
                },
                "id": "variedcommodities:x407_head",
                "Count": 1b,
                "tag": {
                    "Unbreakable": 1b,
                    "AttributeModifiers": [
                        {
                            "UUIDMost": 5952397731350826L,
                            "UUIDLeast": 5952397731350826L,
                            "Amount": 10.0d,
                            "AttributeName": "generic.maxHealth",
                            "Operation": 0,
                            "Name": "noName"
                        }
                    ]
                },
                "Damage": 0s
            },
            {
                "Slot": 2b,
                "ForgeCaps": {
                    "customnpcs:itemscripteddata": {
                    }
                },
                "id": "variedcommodities:x407_chest",
                "Count": 1b,
                "tag": {
                    "Unbreakable": 1b,
                    "AttributeModifiers": [
                        {
                            "UUIDMost": 5952397731350826L,
                            "UUIDLeast": 5952397731350826L,
                            "Amount": 10.0d,
                            "AttributeName": "generic.maxHealth",
                            "Operation": 0,
                            "Name": "noName"
                        }
                    ]
                },
                "Damage": 0s
            },
            {
                "Slot": 3b,
                "ForgeCaps": {
                    "customnpcs:itemscripteddata": {
                    }
                },
                "id": "variedcommodities:rapier",
                "Count": 1b,
                "tag": {
                    "Unbreakable": 1b,
                    "AttributeModifiers": [
                        {
                            "UUIDMost": 5952397731350826L,
                            "UUIDLeast": 5952397731350826L,
                            "Amount": 20.0d,
                            "AttributeName": "generic.attackDamage",
                            "Operation": 0,
                            "Name": "noName"
                        }
                    ]
                },
                "Damage": 0s
            },
            {
                "Slot": 4b,
                "ForgeCaps": {
                    "customnpcs:itemscripteddata": {
                    }
                },
                "id": "variedcommodities:x407_legs",
                "Count": 1b,
                "tag": {
                    "Unbreakable": 1b,
                    "AttributeModifiers": [
                        {
                            "UUIDMost": 5952397731350826L,
                            "UUIDLeast": 5952397731350826L,
                            "Amount": 10.0d,
                            "AttributeName": "generic.maxHealth",
                            "Operation": 0,
                            "Name": "noName"
                        }
                    ]
                },
                "Damage": 0s
            },
            {
                "Slot": 5b,
                "ForgeCaps": {
                    "customnpcs:itemscripteddata": {
                    }
                },
                "id": "variedcommodities:x407_boots",
                "Count": 1b,
                "tag": {
                    "Unbreakable": 1b,
                    "AttributeModifiers": [
                        {
                            "UUIDMost": 5952397731350826L,
                            "UUIDLeast": 5952397731350826L,
                            "Amount": 10.0d,
                            "AttributeName": "generic.maxHealth",
                            "Operation": 0,
                            "Name": "noName"
                        }
                    ]
                },
                "Damage": 0s
            }
        ]
    },
    "CompleteText": "前往：黑石洞穴",
    "NextQuestTitle": "序章：大任务"
}
