{
    "CompleterNpc": "佣兵",
    "NextQuestId": 3,
    "RandomReward": 0b,
    "QuestRepeat": 0,
    "QuestCompletion": 1,
    "Title": "序章：狼牙佣兵团1",
    "Text": "",
    "QuestFactionPoints": {
        "DecreaseFaction1Points": 0b,
        "OptionFaction2Points": 100,
        "OptionFactions1": -1,
        "OptionFactions2": -1,
        "OptionFaction1Points": 100,
        "DecreaseFaction2Points": 0b
    },
    "RewardExp": 0,
    "QuestCommand": "clear @dp",
    "QuestDialogs": [
        {
            "Integer": 7,
            "Slot": 0
        }
    ],
    "ModRev": 18,
    "Type": 1,
    "QuestMail": {
        "Sender": "",
        "BeenRead": 0b,
        "Message": {
        },
        "MailItems": [
        ],
        "MailQuest": -1,
        "TimePast": 1655198197882L,
        "Time": 0L,
        "Subject": ""
    },
    "Rewards": {
        "NpcMiscInv": [
        ]
    },
    "CompleteText": "你并不知道这里发生了什么，只感觉自己的头晕晕的。
先去那个大帐篷看看吧。",
    "NextQuestTitle": "序章：狼牙佣兵团2"
}
