{
    "ItemGiverChained": [
    ],
    "TransportData": [
    ],
    "NpcsTimers": [
    ],
    "FactionData": [
        {
            "Points": 2000,
            "Faction": 0
        },
        {
            "Points": 0,
            "Faction": 2
        },
        {
            "Points": 500,
            "Faction": 3
        },
        {
            "Points": 2000,
            "Faction": 4
        }
    ],
    "BankData": [
    ],
    "ItemGiversList": [
    ],
    "MailData": [
    ],
    "PlayerName": "GLgele",
    "QuestData": {
        "CompletedQuests": [
        ],
        "ActiveQuests": [
        ]
    },
    "UUID": "84e8de8e-f6d9-4371-835b-6844cb7ff0e9",
    "PlayerCompanionId": 0,
    "DialogData": [
        {
            "Dialog": 16
        }
    ]
}
