{
  "pf_presence.bluntwood.bluntwood_walk": {
    "category": "neutral",
    "sounds": [
      "pf_presence/bluntwood/bluntwood_walk1",
      "pf_presence/bluntwood/bluntwood_walk10",
      "pf_presence/bluntwood/bluntwood_walk11",
      "pf_presence/bluntwood/bluntwood_walk2",
      "pf_presence/bluntwood/bluntwood_walk3",
      "pf_presence/bluntwood/bluntwood_walk4",
      "pf_presence/bluntwood/bluntwood_walk5",
      "pf_presence/bluntwood/bluntwood_walk6",
      "pf_presence/bluntwood/bluntwood_walk7",
      "pf_presence/bluntwood/bluntwood_walk8",
      "pf_presence/bluntwood/bluntwood_walk9"
    ]
  },
  "pf_presence.bluntwood.bluntwood_wander": {
    "category": "neutral",
    "sounds": [
      "pf_presence/bluntwood/bluntwood_wander1",
      "pf_presence/bluntwood/bluntwood_wander2",
      "pf_presence/bluntwood/bluntwood_wander3",
      "pf_presence/bluntwood/bluntwood_wander4",
      "pf_presence/bluntwood/bluntwood_wander5"
    ]
  },
  "pf_presence.brush.brush_through": {
    "category": "neutral",
    "sounds": [
      "pf_presence/brush/brush_through1",
      "pf_presence/brush/brush_through10",
      "pf_presence/brush/brush_through11",
      "pf_presence/brush/brush_through2",
      "pf_presence/brush/brush_through3",
      "pf_presence/brush/brush_through4",
      "pf_presence/brush/brush_through5",
      "pf_presence/brush/brush_through6",
      "pf_presence/brush/brush_through7",
      "pf_presence/brush/brush_through8",
      "pf_presence/brush/brush_through9"
    ]
  },
  "pf_presence.concrete.concrete_run": {
    "category": "neutral",
    "sounds": [
      "pf_presence/concrete/concrete_run1",
      "pf_presence/concrete/concrete_run10",
      "pf_presence/concrete/concrete_run11",
      "pf_presence/concrete/concrete_run2",
      "pf_presence/concrete/concrete_run3",
      "pf_presence/concrete/concrete_run4",
      "pf_presence/concrete/concrete_run5",
      "pf_presence/concrete/concrete_run6",
      "pf_presence/concrete/concrete_run7",
      "pf_presence/concrete/concrete_run8",
      "pf_presence/concrete/concrete_run9"
    ]
  },
  "pf_presence.concrete.concrete_walk": {
    "category": "neutral",
    "sounds": [
      "pf_presence/concrete/concrete_walk1",
      "pf_presence/concrete/concrete_walk10",
      "pf_presence/concrete/concrete_walk11",
      "pf_presence/concrete/concrete_walk2",
      "pf_presence/concrete/concrete_walk3",
      "pf_presence/concrete/concrete_walk4",
      "pf_presence/concrete/concrete_walk5",
      "pf_presence/concrete/concrete_walk6",
      "pf_presence/concrete/concrete_walk7",
      "pf_presence/concrete/concrete_walk8",
      "pf_presence/concrete/concrete_walk9"
    ]
  },
  "pf_presence.concrete.concrete_wander": {
    "category": "neutral",
    "sounds": [
      "pf_presence/concrete/concrete_wander1",
      "pf_presence/concrete/concrete_wander2",
      "pf_presence/concrete/concrete_wander3",
      "pf_presence/concrete/concrete_wander4",
      "pf_presence/concrete/concrete_wander5"
    ]
  },
  "pf_presence.deckwood.deckwood_run": {
    "category": "neutral",
    "sounds": [
      "pf_presence/deckwood/deckwood_run1",
      "pf_presence/deckwood/deckwood_run10",
      "pf_presence/deckwood/deckwood_run11",
      "pf_presence/deckwood/deckwood_run2",
      "pf_presence/deckwood/deckwood_run3",
      "pf_presence/deckwood/deckwood_run4",
      "pf_presence/deckwood/deckwood_run5",
      "pf_presence/deckwood/deckwood_run6",
      "pf_presence/deckwood/deckwood_run7",
      "pf_presence/deckwood/deckwood_run8",
      "pf_presence/deckwood/deckwood_run9"
    ]
  },
  "pf_presence.dirt.dirt_land": {
    "category": "neutral",
    "sounds": [
      "pf_presence/dirt/dirt_land1",
      "pf_presence/dirt/dirt_land2",
      "pf_presence/dirt/dirt_land3",
      "pf_presence/dirt/dirt_land4"
    ]
  },
  "pf_presence.dirt.dirt_run": {
    "category": "neutral",
    "sounds": [
      "pf_presence/dirt/dirt_run1",
      "pf_presence/dirt/dirt_run10",
      "pf_presence/dirt/dirt_run11",
      "pf_presence/dirt/dirt_run2",
      "pf_presence/dirt/dirt_run3",
      "pf_presence/dirt/dirt_run4",
      "pf_presence/dirt/dirt_run5",
      "pf_presence/dirt/dirt_run6",
      "pf_presence/dirt/dirt_run7",
      "pf_presence/dirt/dirt_run8",
      "pf_presence/dirt/dirt_run9"
    ]
  },
  "pf_presence.dirt.dirt_walk": {
    "category": "neutral",
    "sounds": [
      "pf_presence/dirt/dirt_walk1",
      "pf_presence/dirt/dirt_walk10",
      "pf_presence/dirt/dirt_walk11",
      "pf_presence/dirt/dirt_walk2",
      "pf_presence/dirt/dirt_walk3",
      "pf_presence/dirt/dirt_walk4",
      "pf_presence/dirt/dirt_walk5",
      "pf_presence/dirt/dirt_walk6",
      "pf_presence/dirt/dirt_walk7",
      "pf_presence/dirt/dirt_walk8",
      "pf_presence/dirt/dirt_walk9"
    ]
  },
  "pf_presence.dirt.dirt_wander": {
    "category": "neutral",
    "sounds": [
      "pf_presence/dirt/dirt_wander1",
      "pf_presence/dirt/dirt_wander2",
      "pf_presence/dirt/dirt_wander3",
      "pf_presence/dirt/dirt_wander4",
      "pf_presence/dirt/dirt_wander5"
    ]
  },
  "pf_presence.glass.glass_hard": {
    "category": "neutral",
    "sounds": [
      "pf_presence/glass/glass_hard1"
    ]
  },
  "pf_presence.glass.glass_hit": {
    "category": "neutral",
    "sounds": [
      "pf_presence/glass/glass_hit1",
      "pf_presence/glass/glass_hit2"
    ]
  },
  "pf_presence.grass.grass_run": {
    "category": "neutral",
    "sounds": [
      "pf_presence/grass/grass_run1",
      "pf_presence/grass/grass_run2",
      "pf_presence/grass/grass_run3",
      "pf_presence/grass/grass_run4"
    ]
  },
  "pf_presence.grass.grass_walk": {
    "category": "neutral",
    "sounds": [
      "pf_presence/grass/grass_walk1",
      "pf_presence/grass/grass_walk10",
      "pf_presence/grass/grass_walk2",
      "pf_presence/grass/grass_walk3",
      "pf_presence/grass/grass_walk4",
      "pf_presence/grass/grass_walk5",
      "pf_presence/grass/grass_walk6",
      "pf_presence/grass/grass_walk7",
      "pf_presence/grass/grass_walk8",
      "pf_presence/grass/grass_walk9"
    ]
  },
  "pf_presence.grass.grass_wander": {
    "category": "neutral",
    "sounds": [
      "pf_presence/grass/grass_wander1",
      "pf_presence/grass/grass_wander2",
      "pf_presence/grass/grass_wander3",
      "pf_presence/grass/grass_wander4",
      "pf_presence/grass/grass_wander5",
      "pf_presence/grass/grass_wander6"
    ]
  },
  "pf_presence.gravel.gravel_land": {
    "category": "neutral",
    "sounds": [
      "pf_presence/gravel/gravel_land1",
      "pf_presence/gravel/gravel_land2"
    ]
  },
  "pf_presence.gravel.gravel_run": {
    "category": "neutral",
    "sounds": [
      "pf_presence/gravel/gravel_run1",
      "pf_presence/gravel/gravel_run10",
      "pf_presence/gravel/gravel_run11",
      "pf_presence/gravel/gravel_run2",
      "pf_presence/gravel/gravel_run3",
      "pf_presence/gravel/gravel_run4",
      "pf_presence/gravel/gravel_run5",
      "pf_presence/gravel/gravel_run6",
      "pf_presence/gravel/gravel_run7",
      "pf_presence/gravel/gravel_run8",
      "pf_presence/gravel/gravel_run9"
    ]
  },
  "pf_presence.gravel.gravel_walk": {
    "category": "neutral",
    "sounds": [
      "pf_presence/gravel/gravel_walk1",
      "pf_presence/gravel/gravel_walk10",
      "pf_presence/gravel/gravel_walk11",
      "pf_presence/gravel/gravel_walk2",
      "pf_presence/gravel/gravel_walk3",
      "pf_presence/gravel/gravel_walk4",
      "pf_presence/gravel/gravel_walk5",
      "pf_presence/gravel/gravel_walk6",
      "pf_presence/gravel/gravel_walk7",
      "pf_presence/gravel/gravel_walk8",
      "pf_presence/gravel/gravel_walk9"
    ]
  },
  "pf_presence.gravel.gravel_wander": {
    "category": "neutral",
    "sounds": [
      "pf_presence/gravel/gravel_wander1",
      "pf_presence/gravel/gravel_wander2",
      "pf_presence/gravel/gravel_wander3"
    ]
  },
  "pf_presence.leaves.leaves_through": {
    "category": "neutral",
    "sounds": [
      "pf_presence/leaves/leaves_through1",
      "pf_presence/leaves/leaves_through2",
      "pf_presence/leaves/leaves_through3",
      "pf_presence/leaves/leaves_through4",
      "pf_presence/leaves/leaves_through5",
      "pf_presence/leaves/leaves_through6",
      "pf_presence/leaves/leaves_through7"
    ]
  },
  "pf_presence.lino.lino_run": {
    "category": "neutral",
    "sounds": [
      "pf_presence/lino/lino_run1",
      "pf_presence/lino/lino_run2",
      "pf_presence/lino/lino_run3",
      "pf_presence/lino/lino_run4",
      "pf_presence/lino/lino_run5",
      "pf_presence/lino/lino_run6"
    ]
  },
  "pf_presence.lino.lino_walk": {
    "category": "neutral",
    "sounds": [
      "pf_presence/lino/lino_walk1",
      "pf_presence/lino/lino_walk2",
      "pf_presence/lino/lino_walk3",
      "pf_presence/lino/lino_walk4",
      "pf_presence/lino/lino_walk5",
      "pf_presence/lino/lino_walk6",
      "pf_presence/lino/lino_walk7",
      "pf_presence/lino/lino_walk8"
    ]
  },
  "pf_presence.marble.marble_run": {
    "category": "neutral",
    "sounds": [
      "pf_presence/marble/marble_run1",
      "pf_presence/marble/marble_run10",
      "pf_presence/marble/marble_run11",
      "pf_presence/marble/marble_run2",
      "pf_presence/marble/marble_run3",
      "pf_presence/marble/marble_run4",
      "pf_presence/marble/marble_run5",
      "pf_presence/marble/marble_run6",
      "pf_presence/marble/marble_run7",
      "pf_presence/marble/marble_run8",
      "pf_presence/marble/marble_run9"
    ]
  },
  "pf_presence.marble.marble_walk": {
    "category": "neutral",
    "sounds": [
      "pf_presence/marble/marble_walk1",
      "pf_presence/marble/marble_walk10",
      "pf_presence/marble/marble_walk11",
      "pf_presence/marble/marble_walk2",
      "pf_presence/marble/marble_walk3",
      "pf_presence/marble/marble_walk4",
      "pf_presence/marble/marble_walk5",
      "pf_presence/marble/marble_walk6",
      "pf_presence/marble/marble_walk7",
      "pf_presence/marble/marble_walk8",
      "pf_presence/marble/marble_walk9"
    ]
  },
  "pf_presence.marble.marble_wander": {
    "category": "neutral",
    "sounds": [
      "pf_presence/marble/marble_wander1",
      "pf_presence/marble/marble_wander2",
      "pf_presence/marble/marble_wander3",
      "pf_presence/marble/marble_wander4",
      "pf_presence/marble/marble_wander5",
      "pf_presence/marble/marble_wander6",
      "pf_presence/marble/marble_wander7"
    ]
  },
  "pf_presence.metalbar.metalbar_land": {
    "category": "neutral",
    "sounds": [
      "pf_presence/metalbar/metalbar_land1"
    ]
  },
  "pf_presence.metalbar.metalbar_run": {
    "category": "neutral",
    "sounds": [
      "pf_presence/metalbar/metalbar_run1",
      "pf_presence/metalbar/metalbar_run10",
      "pf_presence/metalbar/metalbar_run11",
      "pf_presence/metalbar/metalbar_run2",
      "pf_presence/metalbar/metalbar_run3",
      "pf_presence/metalbar/metalbar_run4",
      "pf_presence/metalbar/metalbar_run5",
      "pf_presence/metalbar/metalbar_run6",
      "pf_presence/metalbar/metalbar_run7",
      "pf_presence/metalbar/metalbar_run8",
      "pf_presence/metalbar/metalbar_run9"
    ]
  },
  "pf_presence.metalbar.metalbar_walk": {
    "category": "neutral",
    "sounds": [
      "pf_presence/metalbar/metalbar_walk1",
      "pf_presence/metalbar/metalbar_walk10",
      "pf_presence/metalbar/metalbar_walk11",
      "pf_presence/metalbar/metalbar_walk2",
      "pf_presence/metalbar/metalbar_walk3",
      "pf_presence/metalbar/metalbar_walk4",
      "pf_presence/metalbar/metalbar_walk5",
      "pf_presence/metalbar/metalbar_walk6",
      "pf_presence/metalbar/metalbar_walk7",
      "pf_presence/metalbar/metalbar_walk8",
      "pf_presence/metalbar/metalbar_walk9"
    ]
  },
  "pf_presence.metalbar.metalbar_wander": {
    "category": "neutral",
    "sounds": [
      "pf_presence/metalbar/metalbar_wander1",
      "pf_presence/metalbar/metalbar_wander2",
      "pf_presence/metalbar/metalbar_wander3",
      "pf_presence/metalbar/metalbar_wander4",
      "pf_presence/metalbar/metalbar_wander5",
      "pf_presence/metalbar/metalbar_wander6"
    ]
  },
  "pf_presence.metalbox.metalbox_run": {
    "category": "neutral",
    "sounds": [
      "pf_presence/metalbox/metalbox_run1",
      "pf_presence/metalbox/metalbox_run10",
      "pf_presence/metalbox/metalbox_run2",
      "pf_presence/metalbox/metalbox_run3",
      "pf_presence/metalbox/metalbox_run4",
      "pf_presence/metalbox/metalbox_run5",
      "pf_presence/metalbox/metalbox_run6",
      "pf_presence/metalbox/metalbox_run7",
      "pf_presence/metalbox/metalbox_run8",
      "pf_presence/metalbox/metalbox_run9"
    ]
  },
  "pf_presence.metalbox.metalbox_walk": {
    "category": "neutral",
    "sounds": [
      "pf_presence/metalbox/metalbox_walk1",
      "pf_presence/metalbox/metalbox_walk2",
      "pf_presence/metalbox/metalbox_walk3",
      "pf_presence/metalbox/metalbox_walk4",
      "pf_presence/metalbox/metalbox_walk5",
      "pf_presence/metalbox/metalbox_walk6",
      "pf_presence/metalbox/metalbox_walk7",
      "pf_presence/metalbox/metalbox_walk8",
      "pf_presence/metalbox/metalbox_walk9"
    ]
  },
  "pf_presence.metalbox.metalbox_wander": {
    "category": "neutral",
    "sounds": [
      "pf_presence/metalbox/metalbox_wander1",
      "pf_presence/metalbox/metalbox_wander2",
      "pf_presence/metalbox/metalbox_wander3",
      "pf_presence/metalbox/metalbox_wander4"
    ]
  },
  "pf_presence.mud.mud_walk": {
    "category": "neutral",
    "sounds": [
      "pf_presence/mud/mud_walk1",
      "pf_presence/mud/mud_walk2",
      "pf_presence/mud/mud_walk3",
      "pf_presence/mud/mud_walk4",
      "pf_presence/mud/mud_walk5",
      "pf_presence/mud/mud_walk6"
    ]
  },
  "pf_presence.mud.mud_wander": {
    "category": "neutral",
    "sounds": [
      "pf_presence/mud/mud_wander1",
      "pf_presence/mud/mud_wander2",
      "pf_presence/mud/mud_wander3",
      "pf_presence/mud/mud_wander4"
    ]
  },
  "pf_presence.muffledice.muffledice_walk": {
    "category": "neutral",
    "sounds": [
      "pf_presence/muffledice/muffledice_walk1",
      "pf_presence/muffledice/muffledice_walk10",
      "pf_presence/muffledice/muffledice_walk2",
      "pf_presence/muffledice/muffledice_walk3",
      "pf_presence/muffledice/muffledice_walk4",
      "pf_presence/muffledice/muffledice_walk5",
      "pf_presence/muffledice/muffledice_walk6",
      "pf_presence/muffledice/muffledice_walk7",
      "pf_presence/muffledice/muffledice_walk8",
      "pf_presence/muffledice/muffledice_walk9"
    ]
  },
  "pf_presence.quicksand.quicksand_walk": {
    "category": "neutral",
    "sounds": [
      "pf_presence/quicksand/quicksand_walk1",
      "pf_presence/quicksand/quicksand_walk10",
      "pf_presence/quicksand/quicksand_walk11",
      "pf_presence/quicksand/quicksand_walk2",
      "pf_presence/quicksand/quicksand_walk3",
      "pf_presence/quicksand/quicksand_walk4",
      "pf_presence/quicksand/quicksand_walk5",
      "pf_presence/quicksand/quicksand_walk6",
      "pf_presence/quicksand/quicksand_walk7",
      "pf_presence/quicksand/quicksand_walk8",
      "pf_presence/quicksand/quicksand_walk9"
    ]
  },
  "pf_presence.rug.rug_walk": {
    "category": "neutral",
    "sounds": [
      "pf_presence/rug/rug_walk1",
      "pf_presence/rug/rug_walk10",
      "pf_presence/rug/rug_walk11",
      "pf_presence/rug/rug_walk2",
      "pf_presence/rug/rug_walk3",
      "pf_presence/rug/rug_walk4",
      "pf_presence/rug/rug_walk5",
      "pf_presence/rug/rug_walk6",
      "pf_presence/rug/rug_walk7",
      "pf_presence/rug/rug_walk8",
      "pf_presence/rug/rug_walk9"
    ]
  },
  "pf_presence.sand.sand_run": {
    "category": "neutral",
    "sounds": [
      "pf_presence/sand/sand_run1",
      "pf_presence/sand/sand_run10",
      "pf_presence/sand/sand_run11",
      "pf_presence/sand/sand_run2",
      "pf_presence/sand/sand_run3",
      "pf_presence/sand/sand_run4",
      "pf_presence/sand/sand_run5",
      "pf_presence/sand/sand_run6",
      "pf_presence/sand/sand_run7",
      "pf_presence/sand/sand_run8",
      "pf_presence/sand/sand_run9"
    ]
  },
  "pf_presence.sand.sand_walk": {
    "category": "neutral",
    "sounds": [
      "pf_presence/sand/sand_walk1",
      "pf_presence/sand/sand_walk10",
      "pf_presence/sand/sand_walk11",
      "pf_presence/sand/sand_walk2",
      "pf_presence/sand/sand_walk3",
      "pf_presence/sand/sand_walk4",
      "pf_presence/sand/sand_walk5",
      "pf_presence/sand/sand_walk6",
      "pf_presence/sand/sand_walk7",
      "pf_presence/sand/sand_walk8",
      "pf_presence/sand/sand_walk9"
    ]
  },
  "pf_presence.snow.snow_run": {
    "category": "neutral",
    "sounds": [
      "pf_presence/snow/snow_run1",
      "pf_presence/snow/snow_run10",
      "pf_presence/snow/snow_run11",
      "pf_presence/snow/snow_run2",
      "pf_presence/snow/snow_run3",
      "pf_presence/snow/snow_run4",
      "pf_presence/snow/snow_run5",
      "pf_presence/snow/snow_run6",
      "pf_presence/snow/snow_run7",
      "pf_presence/snow/snow_run8",
      "pf_presence/snow/snow_run9"
    ]
  },
  "pf_presence.snow.snow_walk": {
    "category": "neutral",
    "sounds": [
      "pf_presence/snow/snow_walk1",
      "pf_presence/snow/snow_walk10",
      "pf_presence/snow/snow_walk11",
      "pf_presence/snow/snow_walk2",
      "pf_presence/snow/snow_walk3",
      "pf_presence/snow/snow_walk4",
      "pf_presence/snow/snow_walk5",
      "pf_presence/snow/snow_walk6",
      "pf_presence/snow/snow_walk7",
      "pf_presence/snow/snow_walk8",
      "pf_presence/snow/snow_walk9"
    ]
  },
  "pf_presence.snow.snow_wander": {
    "category": "neutral",
    "sounds": [
      "pf_presence/snow/snow_wander1",
      "pf_presence/snow/snow_wander2",
      "pf_presence/snow/snow_wander3",
      "pf_presence/snow/snow_wander4",
      "pf_presence/snow/snow_wander5"
    ]
  },
  "pf_presence.squeakywood.squeakywood_walk": {
    "category": "neutral",
    "sounds": [
      "pf_presence/squeakywood/squeakywood_walk1",
      "pf_presence/squeakywood/squeakywood_walk10",
      "pf_presence/squeakywood/squeakywood_walk11",
      "pf_presence/squeakywood/squeakywood_walk2",
      "pf_presence/squeakywood/squeakywood_walk3",
      "pf_presence/squeakywood/squeakywood_walk4",
      "pf_presence/squeakywood/squeakywood_walk5",
      "pf_presence/squeakywood/squeakywood_walk6",
      "pf_presence/squeakywood/squeakywood_walk7",
      "pf_presence/squeakywood/squeakywood_walk8",
      "pf_presence/squeakywood/squeakywood_walk9"
    ]
  },
  "pf_presence.squeakywood.squeakywood_wander": {
    "category": "neutral",
    "sounds": [
      "pf_presence/squeakywood/squeakywood_wander1",
      "pf_presence/squeakywood/squeakywood_wander2",
      "pf_presence/squeakywood/squeakywood_wander3",
      "pf_presence/squeakywood/squeakywood_wander4",
      "pf_presence/squeakywood/squeakywood_wander5",
      "pf_presence/squeakywood/squeakywood_wander6",
      "pf_presence/squeakywood/squeakywood_wander7"
    ]
  },
  "pf_presence.stone.stone_run": {
    "category": "neutral",
    "sounds": [
      "pf_presence/stone/stone_run1",
      "pf_presence/stone/stone_run10",
      "pf_presence/stone/stone_run11",
      "pf_presence/stone/stone_run2",
      "pf_presence/stone/stone_run3",
      "pf_presence/stone/stone_run4",
      "pf_presence/stone/stone_run5",
      "pf_presence/stone/stone_run6",
      "pf_presence/stone/stone_run7",
      "pf_presence/stone/stone_run8",
      "pf_presence/stone/stone_run9"
    ]
  },
  "pf_presence.stone.stone_walk": {
    "category": "neutral",
    "sounds": [
      "pf_presence/stone/stone_walk1",
      "pf_presence/stone/stone_walk10",
      "pf_presence/stone/stone_walk11",
      "pf_presence/stone/stone_walk2",
      "pf_presence/stone/stone_walk3",
      "pf_presence/stone/stone_walk4",
      "pf_presence/stone/stone_walk5",
      "pf_presence/stone/stone_walk6",
      "pf_presence/stone/stone_walk7",
      "pf_presence/stone/stone_walk8",
      "pf_presence/stone/stone_walk9"
    ]
  },
  "pf_presence.stone.stone_wander": {
    "category": "neutral",
    "sounds": [
      "pf_presence/stone/stone_wander1",
      "pf_presence/stone/stone_wander2",
      "pf_presence/stone/stone_wander3",
      "pf_presence/stone/stone_wander4",
      "pf_presence/stone/stone_wander5"
    ]
  },
  "pf_presence.water.water_through": {
    "category": "neutral",
    "sounds": [
      "pf_presence/water/water_through1",
      "pf_presence/water/water_through10",
      "pf_presence/water/water_through11",
      "pf_presence/water/water_through2",
      "pf_presence/water/water_through3",
      "pf_presence/water/water_through4",
      "pf_presence/water/water_through5",
      "pf_presence/water/water_through6",
      "pf_presence/water/water_through7",
      "pf_presence/water/water_through8",
      "pf_presence/water/water_through9"
    ]
  },
  "pf_presence.water.water_wander": {
    "category": "neutral",
    "sounds": [
      "pf_presence/water/water_wander1",
      "pf_presence/water/water_wander2",
      "pf_presence/water/water_wander3",
      "pf_presence/water/water_wander4",
      "pf_presence/water/water_wander5"
    ]
  },
  "pf_presence.water_stereofix.water_through": {
    "category": "neutral",
    "sounds": [
      "pf_presence/water_stereofix/water_through1",
      "pf_presence/water_stereofix/water_through10",
      "pf_presence/water_stereofix/water_through11",
      "pf_presence/water_stereofix/water_through2",
      "pf_presence/water_stereofix/water_through3",
      "pf_presence/water_stereofix/water_through4",
      "pf_presence/water_stereofix/water_through5",
      "pf_presence/water_stereofix/water_through6",
      "pf_presence/water_stereofix/water_through7",
      "pf_presence/water_stereofix/water_through8",
      "pf_presence/water_stereofix/water_through9"
    ]
  },
  "pf_presence.water_stereofix.water_wander": {
    "category": "neutral",
    "sounds": [
      "pf_presence/water_stereofix/water_wander1",
      "pf_presence/water_stereofix/water_wander2",
      "pf_presence/water_stereofix/water_wander3",
      "pf_presence/water_stereofix/water_wander4",
      "pf_presence/water_stereofix/water_wander5"
    ]
  },
  "pf_presence.weakice.weakice_walk": {
    "category": "neutral",
    "sounds": [
      "pf_presence/weakice/weakice_walk1",
      "pf_presence/weakice/weakice_walk10",
      "pf_presence/weakice/weakice_walk2",
      "pf_presence/weakice/weakice_walk3",
      "pf_presence/weakice/weakice_walk4",
      "pf_presence/weakice/weakice_walk5",
      "pf_presence/weakice/weakice_walk6",
      "pf_presence/weakice/weakice_walk7",
      "pf_presence/weakice/weakice_walk8",
      "pf_presence/weakice/weakice_walk9"
    ]
  },
  "pf_presence.wood.wood_walk": {
    "category": "neutral",
    "sounds": [
      "pf_presence/wood/wood_walk1",
      "pf_presence/wood/wood_walk10",
      "pf_presence/wood/wood_walk11",
      "pf_presence/wood/wood_walk2",
      "pf_presence/wood/wood_walk3",
      "pf_presence/wood/wood_walk4",
      "pf_presence/wood/wood_walk5",
      "pf_presence/wood/wood_walk6",
      "pf_presence/wood/wood_walk7",
      "pf_presence/wood/wood_walk8",
      "pf_presence/wood/wood_walk9"
    ]
  }
}