{
    "CompleterNpc": "兰斯格",
    "NextQuestId": 4,
    "RandomReward": 0b,
    "QuestRepeat": 0,
    "QuestCompletion": 1,
    "Title": "序章：狼牙佣兵团2",
    "Text": "去那个大帐篷看看吧。
任务坐标：153 125 755",
    "QuestFactionPoints": {
        "DecreaseFaction1Points": 0b,
        "OptionFaction2Points": 100,
        "OptionFactions1": -1,
        "OptionFactions2": -1,
        "OptionFaction1Points": 100,
        "DecreaseFaction2Points": 0b
    },
    "RewardExp": 0,
    "QuestCommand": "/spawnpoint @dp 149 120 736",
    "QuestDialogs": [
        {
            "Integer": 8,
            "Slot": 0
        }
    ],
    "ModRev": 18,
    "Type": 1,
    "QuestMail": {
        "Sender": "",
        "BeenRead": 0b,
        "Message": {
        },
        "MailItems": [
        ],
        "MailQuest": -1,
        "TimePast": 1655198658187L,
        "Time": 0L,
        "Subject": ""
    },
    "Rewards": {
        "NpcMiscInv": [
            {
                "Slot": 0b,
                "ForgeCaps": {
                    "customnpcs:itemscripteddata": {
                    }
                },
                "id": "variedcommodities:soldier_head",
                "Count": 1b,
                "tag": {
                    "Unbreakable": 1b,
                    "AttributeModifiers": [
                        {
                            "UUIDMost": 3798755594574984L,
                            "UUIDLeast": 3798755594574984L,
                            "Amount": 5.0d,
                            "AttributeName": "generic.maxHealth",
                            "Operation": 0,
                            "Name": "noName"
                        }
                    ]
                },
                "Damage": 0s
            },
            {
                "Slot": 1b,
                "ForgeCaps": {
                    "customnpcs:itemscripteddata": {
                    }
                },
                "id": "variedcommodities:soldier_chest",
                "Count": 1b,
                "tag": {
                    "Unbreakable": 1b,
                    "AttributeModifiers": [
                        {
                            "UUIDMost": 3798755594574984L,
                            "UUIDLeast": 3798755594574984L,
                            "Amount": 5.0d,
                            "AttributeName": "generic.maxHealth",
                            "Operation": 0,
                            "Name": "noName"
                        }
                    ]
                },
                "Damage": 0s
            },
            {
                "Slot": 2b,
                "ForgeCaps": {
                    "customnpcs:itemscripteddata": {
                    }
                },
                "id": "variedcommodities:soldier_legs",
                "Count": 1b,
                "tag": {
                    "Unbreakable": 1b,
                    "AttributeModifiers": [
                        {
                            "UUIDMost": 3798755594574984L,
                            "UUIDLeast": 3798755594574984L,
                            "Amount": 5.0d,
                            "AttributeName": "generic.maxHealth",
                            "Operation": 0,
                            "Name": "noName"
                        }
                    ]
                },
                "Damage": 0s
            },
            {
                "Slot": 3b,
                "ForgeCaps": {
                    "customnpcs:itemscripteddata": {
                    }
                },
                "id": "variedcommodities:soldier_bottom",
                "Count": 1b,
                "tag": {
                    "Unbreakable": 1b,
                    "AttributeModifiers": [
                        {
                            "UUIDMost": 3798755594574984L,
                            "UUIDLeast": 3798755594574984L,
                            "Amount": 5.0d,
                            "AttributeName": "generic.maxHealth",
                            "Operation": 0,
                            "Name": "noName"
                        }
                    ]
                },
                "Damage": 0s
            },
            {
                "Slot": 4b,
                "ForgeCaps": {
                    "customnpcs:itemscripteddata": {
                    }
                },
                "id": "variedcommodities:saber",
                "Count": 1b,
                "tag": {
                    "Unbreakable": 1b,
                    "AttributeModifiers": [
                        {
                            "UUIDMost": 8716331958815217L,
                            "UUIDLeast": 8716331958815217L,
                            "Amount": 10.0d,
                            "Slot": "mainhand",
                            "AttributeName": "generic.attackDamage",
                            "Operation": 0,
                            "Name": "noName"
                        }
                    ]
                },
                "Damage": 0s
            },
            {
                "Slot": 5b,
                "ForgeCaps": {
                    "customnpcs:itemscripteddata": {
                    }
                },
                "id": "variedcommodities:coin_bronze",
                "Count": 10b,
                "Damage": 0s
            }
        ]
    },
    "CompleteText": "你领取了装备",
    "NextQuestTitle": "序章：狼牙佣兵团3"
}
