{
    "CompleterNpc": "罗格",
    "NextQuestId": -1,
    "RandomReward": 0b,
    "QuestRepeat": 0,
    "QuestCompletion": 1,
    "Title": "职业：弓箭手",
    "Text": "",
    "QuestFactionPoints": {
        "DecreaseFaction1Points": 0b,
        "OptionFaction2Points": 100,
        "OptionFactions1": 6,
        "OptionFactions2": -1,
        "OptionFaction1Points": 50,
        "DecreaseFaction2Points": 0b
    },
    "RewardExp": 10,
    "QuestCommand": "",
    "QuestDialogs": [
        {
            "Integer": 21,
            "Slot": 0
        }
    ],
    "ModRev": 18,
    "Type": 1,
    "QuestMail": {
        "Sender": "",
        "BeenRead": 0b,
        "Message": {
        },
        "MailItems": [
        ],
        "MailQuest": -1,
        "TimePast": 1598156045422L,
        "Time": 0L,
        "Subject": ""
    },
    "Rewards": {
        "NpcMiscInv": [
            {
                "Slot": 0b,
                "ForgeCaps": {
                    "customnpcs:itemscripteddata": {
                    }
                },
                "id": "variedcommodities:assassin_head",
                "Count": 1b,
                "tag": {
                    "Unbreakable": 1b,
                    "display": {
                        "Lore": [
                            "§3弓箭手的护帽，非常轻便"
                        ],
                        "Name": "§1[普通]弓箭手护帽"
                    },
                    "AttributeModifiers": [
                        {
                            "UUIDMost": 6552153279989323L,
                            "UUIDLeast": 6552153279989323L,
                            "Amount": 0.2d,
                            "Slot": "head",
                            "AttributeName": "generic.movementSpeed",
                            "Operation": 1,
                            "Name": "noName"
                        },
                        {
                            "UUIDMost": 6694583723611414L,
                            "UUIDLeast": 6694583723611414L,
                            "Amount": 5.0d,
                            "Slot": "head",
                            "AttributeName": "generic.maxHealth",
                            "Operation": 0,
                            "Name": "noName"
                        }
                    ]
                },
                "Damage": 0s
            },
            {
                "Slot": 1b,
                "ForgeCaps": {
                    "customnpcs:itemscripteddata": {
                    }
                },
                "id": "variedcommodities:assassin_chest",
                "Count": 1b,
                "tag": {
                    "Unbreakable": 1b,
                    "display": {
                        "Lore": [
                            "§3弓箭手的胸甲，非常轻便"
                        ],
                        "Name": "§1[普通]弓箭手胸甲"
                    },
                    "AttributeModifiers": [
                        {
                            "UUIDMost": 6552153279989323L,
                            "UUIDLeast": 6552153279989323L,
                            "Amount": 0.2d,
                            "Slot": "chest",
                            "AttributeName": "generic.movementSpeed",
                            "Operation": 1,
                            "Name": "noName"
                        },
                        {
                            "UUIDMost": 6694583723611414L,
                            "UUIDLeast": 6694583723611414L,
                            "Amount": 5.0d,
                            "Slot": "chest",
                            "AttributeName": "generic.maxHealth",
                            "Operation": 0,
                            "Name": "noName"
                        }
                    ]
                },
                "Damage": 0s
            },
            {
                "Slot": 2b,
                "ForgeCaps": {
                    "customnpcs:itemscripteddata": {
                    }
                },
                "id": "variedcommodities:assassin_legs",
                "Count": 1b,
                "tag": {
                    "Unbreakable": 1b,
                    "display": {
                        "Lore": [
                            "§3弓箭手的护腿，非常轻便"
                        ],
                        "Name": "§1[普通]弓箭手护腿"
                    },
                    "AttributeModifiers": [
                        {
                            "UUIDMost": 6552153279989323L,
                            "UUIDLeast": 6552153279989323L,
                            "Amount": 0.2d,
                            "Slot": "legs",
                            "AttributeName": "generic.movementSpeed",
                            "Operation": 1,
                            "Name": "noName"
                        },
                        {
                            "UUIDMost": 6694583723611414L,
                            "UUIDLeast": 6694583723611414L,
                            "Amount": 5.0d,
                            "Slot": "legs",
                            "AttributeName": "generic.maxHealth",
                            "Operation": 0,
                            "Name": "noName"
                        }
                    ]
                },
                "Damage": 0s
            },
            {
                "Slot": 3b,
                "ForgeCaps": {
                    "customnpcs:itemscripteddata": {
                    }
                },
                "id": "variedcommodities:assassin_boots",
                "Count": 1b,
                "tag": {
                    "Unbreakable": 1b,
                    "display": {
                        "Lore": [
                            "§3弓箭手的靴子，非常轻便"
                        ],
                        "Name": "§1[普通]弓箭手靴子"
                    },
                    "AttributeModifiers": [
                        {
                            "UUIDMost": 6552153279989323L,
                            "UUIDLeast": 6552153279989323L,
                            "Amount": 0.2d,
                            "Slot": "feet",
                            "AttributeName": "generic.movementSpeed",
                            "Operation": 1,
                            "Name": "noName"
                        },
                        {
                            "UUIDMost": 6694583723611414L,
                            "UUIDLeast": 6694583723611414L,
                            "Amount": 5.0d,
                            "Slot": "feet",
                            "AttributeName": "generic.maxHealth",
                            "Operation": 0,
                            "Name": "noName"
                        }
                    ]
                },
                "Damage": 0s
            },
            {
                "Slot": 4b,
                "ForgeCaps": {
                    "customnpcs:itemscripteddata": {
                    }
                },
                "id": "variedcommodities:combat_knive",
                "Count": 1b,
                "tag": {
                    "Unbreakable": 1b,
                    "display": {
                        "Lore": [
                            "§3普通的小刀，仅用于防身"
                        ],
                        "Name": "§1[普通]护手小刀"
                    },
                    "AttributeModifiers": [
                        {
                            "UUIDMost": 6552153279989323L,
                            "UUIDLeast": 6552153279989323L,
                            "Amount": 5.0d,
                            "Slot": "mainhand",
                            "AttributeName": "generic.attackDamage",
                            "Operation": 0,
                            "Name": "noName"
                        }
                    ]
                },
                "Damage": 0s
            },
            {
                "Slot": 5b,
                "ForgeCaps": {
                    "customnpcs:itemscripteddata": {
                    }
                },
                "id": "minecraft:bow",
                "Count": 1b,
                "tag": {
                    "ench": [
                        {
                            "lvl": 1s,
                            "id": 51s
                        }
                    ],
                    "Unbreakable": 1b,
                    "display": {
                        "Lore": [
                            "§3普通的一把弓，记得带上箭！"
                        ],
                        "Name": "§1[普通]弓"
                    }
                },
                "Damage": 0s
            },
            {
                "Slot": 6b,
                "ForgeCaps": {
                    "customnpcs:itemscripteddata": {
                    }
                },
                "id": "minecraft:arrow",
                "Count": 1b,
                "Damage": 0s
            }
        ]
    },
    "CompleteText": "你领取了弓箭手的装备",
    "NextQuestTitle": ""
}
