{
	"credit": "Made with Blockbench",
	"parent": "item/spawn_egg_master",
	"textures": {
		"egg": "#egg"
	},
	"elements": [
		{
			"name": "egg_turtle_0",
			"from": [6.5, 1, 8],
			"to": [10, 15.5, 9],
			"rotation": {"angle": 0, "axis": "x", "origin": [8, 8, 16]},
			"faces": {
				"north": {"uv": [6.5, 15, 10, 0.5], "rotation": 180, "texture": "#egg"},
				"east": {"uv": [9.5, 0.5, 10, 15], "texture": "#egg"},
				"south": {"uv": [6.5, 0.5, 10, 15], "texture": "#egg"},
				"west": {"uv": [6.5, 0.5, 7, 15], "texture": "#egg"},
				"up": {"uv": [10, 0.5, 6.5, 1], "rotation": 180, "texture": "#egg"},
				"down": {"uv": [6.5, 14.5, 10, 15], "texture": "#egg"}
			}
		},
		{
			"name": "egg_turtle_1",
			"from": [5, 1.5, 8],
			"to": [6.5, 15, 9],
			"rotation": {"angle": 0, "axis": "x", "origin": [8, 8, 16]},
			"faces": {
				"north": {"uv": [5, 14.5, 6.5, 1], "rotation": 180, "texture": "#egg"},
				"east": {"uv": [6, 1, 6.5, 14.5], "texture": "#egg"},
				"south": {"uv": [5, 1, 6.5, 14.5], "texture": "#egg"},
				"west": {"uv": [5, 1, 5.5, 14.5], "texture": "#egg"},
				"up": {"uv": [6.5, 1, 5, 1.5], "rotation": 180, "texture": "#egg"},
				"down": {"uv": [5, 14, 6.5, 14.5], "texture": "#egg"}
			}
		},
		{
			"name": "egg_turtle_2",
			"from": [10, 1.5, 8],
			"to": [11.5, 15, 9],
			"rotation": {"angle": 0, "axis": "x", "origin": [8, 8, 16]},
			"faces": {
				"north": {"uv": [10, 14.5, 11.5, 1], "rotation": 180, "texture": "#egg"},
				"east": {"uv": [11, 1, 11.5, 14.5], "texture": "#egg"},
				"south": {"uv": [10, 1, 11.5, 14.5], "texture": "#egg"},
				"west": {"uv": [10, 1, 10.5, 14.5], "texture": "#egg"},
				"up": {"uv": [11.5, 1, 10, 1.5], "rotation": 180, "texture": "#egg"},
				"down": {"uv": [10, 14, 11.5, 14.5], "texture": "#egg"}
			}
		},
		{
			"name": "egg_turtle_3",
			"from": [4, 2, 8],
			"to": [5, 14.5, 9],
			"rotation": {"angle": 0, "axis": "x", "origin": [8, 8, 16]},
			"faces": {
				"north": {"uv": [4, 14, 5, 1.5], "rotation": 180, "texture": "#egg"},
				"east": {"uv": [4.5, 1.5, 5, 14], "texture": "#egg"},
				"south": {"uv": [4, 1.5, 5, 14], "texture": "#egg"},
				"west": {"uv": [4, 1.5, 4.5, 14], "texture": "#egg"},
				"up": {"uv": [5, 1.5, 4, 2], "rotation": 180, "texture": "#egg"},
				"down": {"uv": [4, 13.5, 5, 14], "texture": "#egg"}
			}
		},
		{
			"name": "egg_turtle_4",
			"from": [11.5, 2, 8],
			"to": [12.5, 14.5, 9],
			"rotation": {"angle": 0, "axis": "x", "origin": [8, 8, 16]},
			"faces": {
				"north": {"uv": [11.5, 14, 12.5, 1.5], "rotation": 180, "texture": "#egg"},
				"east": {"uv": [12, 1.5, 12.5, 14], "texture": "#egg"},
				"south": {"uv": [11.5, 1.5, 12.5, 14], "texture": "#egg"},
				"west": {"uv": [11.5, 1.5, 12, 14], "texture": "#egg"},
				"up": {"uv": [12.5, 1.5, 11.5, 2], "rotation": 180, "texture": "#egg"},
				"down": {"uv": [11.5, 13.5, 12.5, 14], "texture": "#egg"}
			}
		},
		{
			"name": "egg_turtle_5",
			"from": [3.5, 2.5, 8],
			"to": [4, 14, 9],
			"rotation": {"angle": 0, "axis": "x", "origin": [8, 8, 16]},
			"faces": {
				"north": {"uv": [3.5, 13.5, 4, 2], "rotation": 180, "texture": "#egg"},
				"east": {"uv": [3.5, 2, 4, 13.5], "texture": "#egg"},
				"south": {"uv": [3.5, 2, 4, 13.5], "texture": "#egg"},
				"west": {"uv": [3.5, 2, 4, 13.5], "texture": "#egg"},
				"up": {"uv": [4, 2, 3.5, 2.5], "rotation": 180, "texture": "#egg"},
				"down": {"uv": [3.5, 13, 4, 13.5], "texture": "#egg"}
			}
		},
		{
			"name": "egg_turtle_6",
			"from": [12.5, 2.5, 8],
			"to": [13, 14, 9],
			"rotation": {"angle": 0, "axis": "x", "origin": [8, 8, 16]},
			"faces": {
				"north": {"uv": [12.5, 13.5, 13, 2], "rotation": 180, "texture": "#egg"},
				"east": {"uv": [12.5, 2, 13, 13.5], "texture": "#egg"},
				"south": {"uv": [12.5, 2, 13, 13.5], "texture": "#egg"},
				"west": {"uv": [12.5, 2, 13, 13.5], "texture": "#egg"},
				"up": {"uv": [13, 2, 12.5, 2.5], "rotation": 180, "texture": "#egg"},
				"down": {"uv": [12.5, 13, 13, 13.5], "texture": "#egg"}
			}
		},
		{
			"name": "egg_turtle_7",
			"from": [3, 3, 8],
			"to": [3.5, 13.5, 9],
			"rotation": {"angle": 0, "axis": "x", "origin": [8, 8, 16]},
			"faces": {
				"north": {"uv": [3, 13, 3.5, 2.5], "rotation": 180, "texture": "#egg"},
				"east": {"uv": [3, 2.5, 3.5, 13], "texture": "#egg"},
				"south": {"uv": [3, 2.5, 3.5, 13], "texture": "#egg"},
				"west": {"uv": [3, 2.5, 3.5, 13], "texture": "#egg"},
				"up": {"uv": [3.5, 2.5, 3, 3], "rotation": 180, "texture": "#egg"},
				"down": {"uv": [3, 12.5, 3.5, 13], "texture": "#egg"}
			}
		},
		{
			"name": "egg_turtle_8",
			"from": [13, 3, 8],
			"to": [13.5, 13.5, 9],
			"rotation": {"angle": 0, "axis": "x", "origin": [8, 8, 16]},
			"faces": {
				"north": {"uv": [13, 13, 13.5, 2.5], "rotation": 180, "texture": "#egg"},
				"east": {"uv": [13, 2.5, 13.5, 13], "texture": "#egg"},
				"south": {"uv": [13, 2.5, 13.5, 13], "texture": "#egg"},
				"west": {"uv": [13, 2.5, 13.5, 13], "texture": "#egg"},
				"up": {"uv": [13.5, 2.5, 13, 3], "rotation": 180, "texture": "#egg"},
				"down": {"uv": [13, 12.5, 13.5, 13], "texture": "#egg"}
			}
		},
		{
			"name": "egg_turtle_9",
			"from": [2.5, 3.5, 8],
			"to": [3, 13, 9],
			"rotation": {"angle": 0, "axis": "x", "origin": [8, 8, 16]},
			"faces": {
				"north": {"uv": [2.5, 12.5, 3, 3], "rotation": 180, "texture": "#egg"},
				"east": {"uv": [2.5, 3, 3, 12.5], "texture": "#egg"},
				"south": {"uv": [2.5, 3, 3, 12.5], "texture": "#egg"},
				"west": {"uv": [2.5, 3, 3, 12.5], "texture": "#egg"},
				"up": {"uv": [3, 3, 2.5, 3.5], "rotation": 180, "texture": "#egg"},
				"down": {"uv": [2.5, 12, 3, 12.5], "texture": "#egg"}
			}
		},
		{
			"name": "egg_turtle_10",
			"from": [13.5, 3.5, 8],
			"to": [14, 13, 9],
			"rotation": {"angle": 0, "axis": "x", "origin": [8, 8, 16]},
			"faces": {
				"north": {"uv": [13.5, 12.5, 14, 3], "rotation": 180, "texture": "#egg"},
				"east": {"uv": [13.5, 3, 14, 12.5], "texture": "#egg"},
				"south": {"uv": [13.5, 3, 14, 12.5], "texture": "#egg"},
				"west": {"uv": [13.5, 3, 14, 12.5], "texture": "#egg"},
				"up": {"uv": [14, 3, 13.5, 3.5], "rotation": 180, "texture": "#egg"},
				"down": {"uv": [13.5, 12, 14, 12.5], "texture": "#egg"}
			}
		},
		{
			"name": "egg_turtle_11",
			"from": [2, 4, 8],
			"to": [2.5, 12.5, 9],
			"rotation": {"angle": 0, "axis": "x", "origin": [8, 8, 16]},
			"faces": {
				"north": {"uv": [2, 12, 2.5, 3.5], "rotation": 180, "texture": "#egg"},
				"east": {"uv": [2, 3.5, 2.5, 12], "texture": "#egg"},
				"south": {"uv": [2, 3.5, 2.5, 12], "texture": "#egg"},
				"west": {"uv": [2, 3.5, 2.5, 12], "texture": "#egg"},
				"up": {"uv": [2.5, 3.5, 2, 4], "rotation": 180, "texture": "#egg"},
				"down": {"uv": [2, 11.5, 2.5, 12], "texture": "#egg"}
			}
		},
		{
			"name": "egg_turtle_12",
			"from": [14, 4, 8],
			"to": [14.5, 12.5, 9],
			"rotation": {"angle": 0, "axis": "x", "origin": [8, 8, 16]},
			"faces": {
				"north": {"uv": [14, 12, 14.5, 3.5], "rotation": 180, "texture": "#egg"},
				"east": {"uv": [14, 3.5, 14.5, 12], "texture": "#egg"},
				"south": {"uv": [14, 3.5, 14.5, 12], "texture": "#egg"},
				"west": {"uv": [14, 3.5, 14.5, 12], "texture": "#egg"},
				"up": {"uv": [14.5, 3.5, 14, 4], "rotation": 180, "texture": "#egg"},
				"down": {"uv": [14, 11.5, 14.5, 12], "texture": "#egg"}
			}
		},
		{
			"name": "egg_turtle_13",
			"from": [1.5, 5, 8],
			"to": [2, 11.5, 9],
			"rotation": {"angle": 0, "axis": "x", "origin": [8, 8, 16]},
			"faces": {
				"north": {"uv": [1.5, 11, 2, 4.5], "rotation": 180, "texture": "#egg"},
				"east": {"uv": [1.5, 4.5, 2, 11], "texture": "#egg"},
				"south": {"uv": [1.5, 4.5, 2, 11], "texture": "#egg"},
				"west": {"uv": [1.5, 4.5, 2, 11], "texture": "#egg"},
				"up": {"uv": [2, 4.5, 1.5, 5], "rotation": 180, "texture": "#egg"},
				"down": {"uv": [1.5, 10.5, 2, 11], "texture": "#egg"}
			}
		},
		{
			"name": "egg_turtle_14",
			"from": [14.5, 5, 8],
			"to": [15, 11.5, 9],
			"rotation": {"angle": 0, "axis": "x", "origin": [8, 8, 16]},
			"faces": {
				"north": {"uv": [14.5, 11, 15, 4.5], "rotation": 180, "texture": "#egg"},
				"east": {"uv": [14.5, 4.5, 15, 11], "texture": "#egg"},
				"south": {"uv": [14.5, 4.5, 15, 11], "texture": "#egg"},
				"west": {"uv": [14.5, 4.5, 15, 11], "texture": "#egg"},
				"up": {"uv": [15, 4.5, 14.5, 5], "rotation": 180, "texture": "#egg"},
				"down": {"uv": [14.5, 10.5, 15, 11], "texture": "#egg"}
			}
		},
		{
			"name": "egg_turtle_15",
			"from": [1, 6.5, 8],
			"to": [1.5, 10, 9],
			"rotation": {"angle": 0, "axis": "x", "origin": [8, 8, 16]},
			"faces": {
				"north": {"uv": [1, 9.5, 1.5, 6], "rotation": 180, "texture": "#egg"},
				"east": {"uv": [1, 6, 1.5, 9.5], "texture": "#egg"},
				"south": {"uv": [1, 6, 1.5, 9.5], "texture": "#egg"},
				"west": {"uv": [1, 6, 1.5, 9.5], "texture": "#egg"},
				"up": {"uv": [1.5, 6, 1, 6.5], "rotation": 180, "texture": "#egg"},
				"down": {"uv": [1, 9, 1.5, 9.5], "texture": "#egg"}
			}
		},
		{
			"name": "egg_turtle_16",
			"from": [15, 6.5, 8],
			"to": [15.5, 10, 9],
			"rotation": {"angle": 0, "axis": "x", "origin": [8, 8, 16]},
			"faces": {
				"north": {"uv": [15, 9.5, 15.5, 6], "rotation": 180, "texture": "#egg"},
				"east": {"uv": [15, 6, 15.5, 9.5], "texture": "#egg"},
				"south": {"uv": [15, 6, 15.5, 9.5], "texture": "#egg"},
				"west": {"uv": [15, 6, 15.5, 9.5], "texture": "#egg"},
				"up": {"uv": [15.5, 6, 15, 6.5], "rotation": 180, "texture": "#egg"},
				"down": {"uv": [15, 9, 15.5, 9.5], "texture": "#egg"}
			}
		}
	],
	"groups": [0,
		{
			"name": "egg_turtle",
			"origin": [8, 8, 8],
			"children": [1, 2, 3, 4, 5, 6, 7, 8, 9, 10, 11, 12, 13, 14, 15, 16, 17]
		}
	]
}