{
	"credit": "Made with Blockbench",
	"parent": "item/spawn_egg_master",
	"textures": {
		"egg": "#egg",
		"particle": "item/spawn_egg_cube"
	},
	"elements": [
		{
			"name": "spawn_egg_cube_0",
			"from": [7, 1, 8],
			"to": [9.5, 14, 9],
			"rotation": {"angle": 0, "axis": "x", "origin": [8, 8, 9]},
			"faces": {
				"north": {"uv": [7, 15, 9.5, 2], "rotation": 180, "texture": "#egg"},
				"east": {"uv": [9, 2, 9.5, 15], "texture": "#egg"},
				"south": {"uv": [7, 2, 9.5, 15], "texture": "#egg"},
				"west": {"uv": [7, 2, 7.5, 15], "texture": "#egg"},
				"up": {"uv": [9.5, 2, 7, 2.5], "rotation": 180, "texture": "#egg"},
				"down": {"uv": [7, 14.5, 9.5, 15], "texture": "#egg"}
			}
		},
		{
			"name": "spawn_egg_cube_1",
			"from": [5.5, 1.5, 8],
			"to": [7, 13.5, 9],
			"rotation": {"angle": 0, "axis": "x", "origin": [8, 8, 9]},
			"faces": {
				"north": {"uv": [5.5, 14.5, 7, 2.5], "rotation": 180, "texture": "#egg"},
				"east": {"uv": [6.5, 2.5, 7, 14.5], "texture": "#egg"},
				"south": {"uv": [5.5, 2.5, 7, 14.5], "texture": "#egg"},
				"west": {"uv": [5.5, 2.5, 6, 14.5], "texture": "#egg"},
				"up": {"uv": [7, 2.5, 5.5, 3], "rotation": 180, "texture": "#egg"},
				"down": {"uv": [5.5, 14, 7, 14.5], "texture": "#egg"}
			}
		},
		{
			"name": "spawn_egg_cube_2",
			"from": [9.5, 1.5, 8],
			"to": [10.5, 13.5, 9],
			"rotation": {"angle": 0, "axis": "x", "origin": [8, 8, 9]},
			"faces": {
				"north": {"uv": [9.5, 14.5, 10.5, 2.5], "rotation": 180, "texture": "#egg"},
				"east": {"uv": [10, 2.5, 10.5, 14.5], "texture": "#egg"},
				"south": {"uv": [9.5, 2.5, 10.5, 14.5], "texture": "#egg"},
				"west": {"uv": [9.5, 2.5, 10, 14.5], "texture": "#egg"},
				"up": {"uv": [10.5, 2.5, 9.5, 3], "rotation": 180, "texture": "#egg"},
				"down": {"uv": [9.5, 14, 10.5, 14.5], "texture": "#egg"}
			}
		},
		{
			"name": "spawn_egg_cube_3",
			"from": [4.5, 2, 8],
			"to": [5.5, 13, 9],
			"rotation": {"angle": 0, "axis": "x", "origin": [8, 8, 9]},
			"faces": {
				"north": {"uv": [4.5, 14, 5.5, 3], "rotation": 180, "texture": "#egg"},
				"east": {"uv": [5, 3, 5.5, 14], "texture": "#egg"},
				"south": {"uv": [4.5, 3, 5.5, 14], "texture": "#egg"},
				"west": {"uv": [4.5, 3, 5, 14], "texture": "#egg"},
				"up": {"uv": [5.5, 3, 4.5, 3.5], "rotation": 180, "texture": "#egg"},
				"down": {"uv": [4.5, 13.5, 5.5, 14], "texture": "#egg"}
			}
		},
		{
			"name": "spawn_egg_cube_4",
			"from": [10.5, 2.5, 8],
			"to": [12, 13, 9],
			"rotation": {"angle": 0, "axis": "x", "origin": [8, 8, 9]},
			"faces": {
				"north": {"uv": [10.5, 13.5, 12, 3], "rotation": 180, "texture": "#egg"},
				"east": {"uv": [11.5, 3, 12, 13.5], "texture": "#egg"},
				"south": {"uv": [10.5, 3, 12, 13.5], "texture": "#egg"},
				"west": {"uv": [10.5, 3, 11, 13.5], "texture": "#egg"},
				"up": {"uv": [12, 3, 10.5, 3.5], "rotation": 180, "texture": "#egg"},
				"down": {"uv": [10.5, 13, 12, 13.5], "texture": "#egg"}
			}
		},
		{
			"name": "spawn_egg_cube_5",
			"from": [3, 3, 8],
			"to": [4.5, 12.5, 9],
			"rotation": {"angle": 0, "axis": "x", "origin": [8, 8, 9]},
			"faces": {
				"north": {"uv": [3, 13, 4.5, 3.5], "rotation": 180, "texture": "#egg"},
				"east": {"uv": [4, 3.5, 4.5, 13], "texture": "#egg"},
				"south": {"uv": [3, 3.5, 4.5, 13], "texture": "#egg"},
				"west": {"uv": [3, 3.5, 3.5, 13], "texture": "#egg"},
				"up": {"uv": [4.5, 3.5, 3, 4], "rotation": 180, "texture": "#egg"},
				"down": {"uv": [3, 12.5, 4.5, 13], "texture": "#egg"}
			}
		},
		{
			"name": "spawn_egg_cube_6",
			"from": [12, 3, 8],
			"to": [13, 12.5, 9],
			"rotation": {"angle": 0, "axis": "x", "origin": [8, 8, 9]},
			"faces": {
				"north": {"uv": [12, 13, 13, 3.5], "rotation": 180, "texture": "#egg"},
				"east": {"uv": [12.5, 3.5, 13, 13], "texture": "#egg"},
				"south": {"uv": [12, 3.5, 13, 13], "texture": "#egg"},
				"west": {"uv": [12, 3.5, 12.5, 13], "texture": "#egg"},
				"up": {"uv": [13, 3.5, 12, 4], "rotation": 180, "texture": "#egg"},
				"down": {"uv": [12, 12.5, 13, 13], "texture": "#egg"}
			}
		},
		{
			"name": "spawn_egg_cube_7",
			"from": [2, 3.5, 8],
			"to": [3, 12, 9],
			"rotation": {"angle": 0, "axis": "x", "origin": [8, 8, 9]},
			"faces": {
				"north": {"uv": [2, 12.5, 3, 4], "rotation": 180, "texture": "#egg"},
				"east": {"uv": [2.5, 4, 3, 12.5], "texture": "#egg"},
				"south": {"uv": [2, 4, 3, 12.5], "texture": "#egg"},
				"west": {"uv": [2, 4, 2.5, 12.5], "texture": "#egg"},
				"up": {"uv": [3, 4, 2, 4.5], "rotation": 180, "texture": "#egg"},
				"down": {"uv": [2, 12, 3, 12.5], "texture": "#egg"}
			}
		},
		{
			"name": "spawn_egg_cube_8",
			"from": [13, 3.5, 8],
			"to": [14, 12, 9],
			"rotation": {"angle": 0, "axis": "x", "origin": [8, 8, 9]},
			"faces": {
				"north": {"uv": [13, 12.5, 14, 4], "rotation": 180, "texture": "#egg"},
				"east": {"uv": [13.5, 4, 14, 12.5], "texture": "#egg"},
				"south": {"uv": [13, 4, 14, 12.5], "texture": "#egg"},
				"west": {"uv": [13, 4, 13.5, 12.5], "texture": "#egg"},
				"up": {"uv": [14, 4, 13, 4.5], "rotation": 180, "texture": "#egg"},
				"down": {"uv": [13, 12, 14, 12.5], "texture": "#egg"}
			}
		},
		{
			"name": "spawn_egg_cube_9",
			"from": [2.5, 3, 8],
			"to": [3, 3.5, 9],
			"rotation": {"angle": 0, "axis": "x", "origin": [8, 8, 9]},
			"faces": {
				"north": {"uv": [2.5, 13, 3, 12.5], "rotation": 180, "texture": "#egg"},
				"east": {"uv": [2.5, 12.5, 3, 13], "texture": "#egg"},
				"south": {"uv": [2.5, 12.5, 3, 13], "texture": "#egg"},
				"west": {"uv": [2.5, 12.5, 3, 13], "texture": "#egg"},
				"up": {"uv": [3, 12.5, 2.5, 13], "rotation": 180, "texture": "#egg"},
				"down": {"uv": [2.5, 12.5, 3, 13], "texture": "#egg"}
			}
		},
		{
			"name": "spawn_egg_cube_10",
			"from": [13, 3, 8],
			"to": [13.5, 3.5, 9],
			"rotation": {"angle": 0, "axis": "x", "origin": [8, 8, 9]},
			"faces": {
				"north": {"uv": [13, 13, 13.5, 12.5], "rotation": 180, "texture": "#egg"},
				"east": {"uv": [13, 12.5, 13.5, 13], "texture": "#egg"},
				"south": {"uv": [13, 12.5, 13.5, 13], "texture": "#egg"},
				"west": {"uv": [13, 12.5, 13.5, 13], "texture": "#egg"},
				"up": {"uv": [13.5, 12.5, 13, 13], "rotation": 180, "texture": "#egg"},
				"down": {"uv": [13, 12.5, 13.5, 13], "texture": "#egg"}
			}
		},
		{
			"name": "spawn_egg_cube_11",
			"from": [3.5, 2.5, 8],
			"to": [4.5, 3, 9],
			"rotation": {"angle": 0, "axis": "x", "origin": [8, 8, 9]},
			"faces": {
				"north": {"uv": [3.5, 13.5, 4.5, 13], "rotation": 180, "texture": "#egg"},
				"east": {"uv": [4, 13, 4.5, 13.5], "texture": "#egg"},
				"south": {"uv": [3.5, 13, 4.5, 13.5], "texture": "#egg"},
				"west": {"uv": [3.5, 13, 4, 13.5], "texture": "#egg"},
				"up": {"uv": [4.5, 13, 3.5, 13.5], "rotation": 180, "texture": "#egg"},
				"down": {"uv": [3.5, 13, 4.5, 13.5], "texture": "#egg"}
			}
		},
		{
			"name": "spawn_egg_cube_12",
			"from": [12, 2.5, 8],
			"to": [12.5, 3, 9],
			"rotation": {"angle": 0, "axis": "x", "origin": [8, 8, 9]},
			"faces": {
				"north": {"uv": [12, 13.5, 12.5, 13], "rotation": 180, "texture": "#egg"},
				"east": {"uv": [12, 13, 12.5, 13.5], "texture": "#egg"},
				"south": {"uv": [12, 13, 12.5, 13.5], "texture": "#egg"},
				"west": {"uv": [12, 13, 12.5, 13.5], "texture": "#egg"},
				"up": {"uv": [12.5, 13, 12, 13.5], "rotation": 180, "texture": "#egg"},
				"down": {"uv": [12, 13, 12.5, 13.5], "texture": "#egg"}
			}
		},
		{
			"name": "spawn_egg_cube_13",
			"from": [10.5, 2, 8],
			"to": [11.5, 2.5, 9],
			"rotation": {"angle": 0, "axis": "x", "origin": [8, 8, 9]},
			"faces": {
				"north": {"uv": [10.5, 14, 11.5, 13.5], "rotation": 180, "texture": "#egg"},
				"east": {"uv": [11, 13.5, 11.5, 14], "texture": "#egg"},
				"south": {"uv": [10.5, 13.5, 11.5, 14], "texture": "#egg"},
				"west": {"uv": [10.5, 13.5, 11, 14], "texture": "#egg"},
				"up": {"uv": [11.5, 13.5, 10.5, 14], "rotation": 180, "texture": "#egg"},
				"down": {"uv": [10.5, 13.5, 11.5, 14], "texture": "#egg"}
			}
		},
		{
			"name": "spawn_egg_cube_14",
			"from": [6.5, 1, 8],
			"to": [7, 1.5, 9],
			"rotation": {"angle": 0, "axis": "x", "origin": [8, 8, 9]},
			"faces": {
				"north": {"uv": [6.5, 15, 7, 14.5], "rotation": 180, "texture": "#egg"},
				"east": {"uv": [6.5, 14.5, 7, 15], "texture": "#egg"},
				"south": {"uv": [6.5, 14.5, 7, 15], "texture": "#egg"},
				"west": {"uv": [6.5, 14.5, 7, 15], "texture": "#egg"},
				"up": {"uv": [7, 14.5, 6.5, 15], "rotation": 180, "texture": "#egg"},
				"down": {"uv": [6.5, 14.5, 7, 15], "texture": "#egg"}
			}
		},
		{
			"name": "spawn_egg_cube_15",
			"from": [7.5, 0.5, 8],
			"to": [8.5, 1, 9],
			"rotation": {"angle": 0, "axis": "x", "origin": [8, 8, 9]},
			"faces": {
				"north": {"uv": [7.5, 15.5, 8.5, 15], "rotation": 180, "texture": "#egg"},
				"east": {"uv": [8, 15, 8.5, 15.5], "texture": "#egg"},
				"south": {"uv": [7.5, 15, 8.5, 15.5], "texture": "#egg"},
				"west": {"uv": [7.5, 15, 8, 15.5], "texture": "#egg"},
				"up": {"uv": [8.5, 15, 7.5, 15.5], "rotation": 180, "texture": "#egg"},
				"down": {"uv": [7.5, 15, 8.5, 15.5], "texture": "#egg"}
			}
		}
	],
	"groups": [
		{
			"name": "spawn_egg_cube",
			"origin": [8, 8, 8],
			"children": [0, 1, 2, 3, 4, 5, 6, 7, 8, 9, 10, 11, 12, 13, 14, 15]
		}
	]
}