{
	"credit": "Made with Blockbench",
	"parent": "item/spawn_egg_master",
	"textures": {
		"egg": "#egg"
	},
	"elements": [
		{
			"name": "egg_endermite_0",
			"from": [5.5, 3, 8],
			"to": [7.5, 14, 9],
			"rotation": {"angle": 0, "axis": "x", "origin": [8, 8, 16]},
			"faces": {
				"north": {"uv": [5.5, 13, 7.5, 2], "rotation": 180, "texture": "#egg"},
				"east": {"uv": [7, 2, 7.5, 13], "texture": "#egg"},
				"south": {"uv": [5.5, 2, 7.5, 13], "texture": "#egg"},
				"west": {"uv": [5.5, 2, 6, 13], "texture": "#egg"},
				"up": {"uv": [7.5, 2, 5.5, 2.5], "rotation": 180, "texture": "#egg"},
				"down": {"uv": [5.5, 12.5, 7.5, 13], "texture": "#egg"}
			}
		},
		{
			"name": "egg_endermite_1",
			"from": [4.5, 4, 8],
			"to": [5.5, 13.5, 9],
			"rotation": {"angle": 0, "axis": "x", "origin": [8, 8, 16]},
			"faces": {
				"north": {"uv": [4.5, 12, 5.5, 2.5], "rotation": 180, "texture": "#egg"},
				"east": {"uv": [5, 2.5, 5.5, 12], "texture": "#egg"},
				"south": {"uv": [4.5, 2.5, 5.5, 12], "texture": "#egg"},
				"west": {"uv": [4.5, 2.5, 5, 12], "texture": "#egg"},
				"up": {"uv": [5.5, 2.5, 4.5, 3], "rotation": 180, "texture": "#egg"},
				"down": {"uv": [4.5, 11.5, 5.5, 12], "texture": "#egg"}
			}
		},
		{
			"name": "egg_endermite_2",
			"from": [7.5, 2.5, 8],
			"to": [8.5, 13.5, 9],
			"rotation": {"angle": 0, "axis": "x", "origin": [8, 8, 16]},
			"faces": {
				"north": {"uv": [7.5, 13.5, 8.5, 2.5], "rotation": 180, "texture": "#egg"},
				"east": {"uv": [8, 2.5, 8.5, 13.5], "texture": "#egg"},
				"south": {"uv": [7.5, 2.5, 8.5, 13.5], "texture": "#egg"},
				"west": {"uv": [7.5, 2.5, 8, 13.5], "texture": "#egg"},
				"up": {"uv": [8.5, 2.5, 7.5, 3], "rotation": 180, "texture": "#egg"},
				"down": {"uv": [7.5, 13, 8.5, 13.5], "texture": "#egg"}
			}
		},
		{
			"name": "egg_endermite_3",
			"from": [4, 4.5, 8],
			"to": [4.5, 13, 9],
			"rotation": {"angle": 0, "axis": "x", "origin": [8, 8, 16]},
			"faces": {
				"north": {"uv": [4, 11.5, 4.5, 3], "rotation": 180, "texture": "#egg"},
				"east": {"uv": [4, 3, 4.5, 11.5], "texture": "#egg"},
				"south": {"uv": [4, 3, 4.5, 11.5], "texture": "#egg"},
				"west": {"uv": [4, 3, 4.5, 11.5], "texture": "#egg"},
				"up": {"uv": [4.5, 3, 4, 3.5], "rotation": 180, "texture": "#egg"},
				"down": {"uv": [4, 11, 4.5, 11.5], "texture": "#egg"}
			}
		},
		{
			"name": "egg_endermite_4",
			"from": [8.5, 2.5, 8],
			"to": [9.5, 13, 9],
			"rotation": {"angle": 0, "axis": "x", "origin": [8, 8, 16]},
			"faces": {
				"north": {"uv": [8.5, 13.5, 9.5, 3], "rotation": 180, "texture": "#egg"},
				"east": {"uv": [9, 3, 9.5, 13.5], "texture": "#egg"},
				"south": {"uv": [8.5, 3, 9.5, 13.5], "texture": "#egg"},
				"west": {"uv": [8.5, 3, 9, 13.5], "texture": "#egg"},
				"up": {"uv": [9.5, 3, 8.5, 3.5], "rotation": 180, "texture": "#egg"},
				"down": {"uv": [8.5, 13, 9.5, 13.5], "texture": "#egg"}
			}
		},
		{
			"name": "egg_endermite_5",
			"from": [3.5, 5.5, 8],
			"to": [4, 12.5, 9],
			"rotation": {"angle": 0, "axis": "x", "origin": [8, 8, 16]},
			"faces": {
				"north": {"uv": [3.5, 10.5, 4, 3.5], "rotation": 180, "texture": "#egg"},
				"east": {"uv": [3.5, 3.5, 4, 10.5], "texture": "#egg"},
				"south": {"uv": [3.5, 3.5, 4, 10.5], "texture": "#egg"},
				"west": {"uv": [3.5, 3.5, 4, 10.5], "texture": "#egg"},
				"up": {"uv": [4, 3.5, 3.5, 4], "rotation": 180, "texture": "#egg"},
				"down": {"uv": [3.5, 10, 4, 10.5], "texture": "#egg"}
			}
		},
		{
			"name": "egg_endermite_6",
			"from": [9.5, 3, 8],
			"to": [10, 12.5, 9],
			"rotation": {"angle": 0, "axis": "x", "origin": [8, 8, 16]},
			"faces": {
				"north": {"uv": [9.5, 13, 10, 3.5], "rotation": 180, "texture": "#egg"},
				"east": {"uv": [9.5, 3.5, 10, 13], "texture": "#egg"},
				"south": {"uv": [9.5, 3.5, 10, 13], "texture": "#egg"},
				"west": {"uv": [9.5, 3.5, 10, 13], "texture": "#egg"},
				"up": {"uv": [10, 3.5, 9.5, 4], "rotation": 180, "texture": "#egg"},
				"down": {"uv": [9.5, 12.5, 10, 13], "texture": "#egg"}
			}
		},
		{
			"name": "egg_endermite_7",
			"from": [10, 3, 8],
			"to": [10.5, 12, 9],
			"rotation": {"angle": 0, "axis": "x", "origin": [8, 8, 16]},
			"faces": {
				"north": {"uv": [10, 13, 10.5, 4], "rotation": 180, "texture": "#egg"},
				"east": {"uv": [10, 4, 10.5, 13], "texture": "#egg"},
				"south": {"uv": [10, 4, 10.5, 13], "texture": "#egg"},
				"west": {"uv": [10, 4, 10.5, 13], "texture": "#egg"},
				"up": {"uv": [10.5, 4, 10, 4.5], "rotation": 180, "texture": "#egg"},
				"down": {"uv": [10, 12.5, 10.5, 13], "texture": "#egg"}
			}
		},
		{
			"name": "egg_endermite_8",
			"from": [10.5, 3.5, 8],
			"to": [11, 11.5, 9],
			"rotation": {"angle": 0, "axis": "x", "origin": [8, 8, 16]},
			"faces": {
				"north": {"uv": [10.5, 12.5, 11, 4.5], "rotation": 180, "texture": "#egg"},
				"east": {"uv": [10.5, 4.5, 11, 12.5], "texture": "#egg"},
				"south": {"uv": [10.5, 4.5, 11, 12.5], "texture": "#egg"},
				"west": {"uv": [10.5, 4.5, 11, 12.5], "texture": "#egg"},
				"up": {"uv": [11, 4.5, 10.5, 5], "rotation": 180, "texture": "#egg"},
				"down": {"uv": [10.5, 12, 11, 12.5], "texture": "#egg"}
			}
		},
		{
			"name": "egg_endermite_9",
			"from": [3, 6.5, 8],
			"to": [3.5, 11, 9],
			"rotation": {"angle": 0, "axis": "x", "origin": [8, 8, 16]},
			"faces": {
				"north": {"uv": [3, 9.5, 3.5, 5], "rotation": 180, "texture": "#egg"},
				"east": {"uv": [3, 5, 3.5, 9.5], "texture": "#egg"},
				"south": {"uv": [3, 5, 3.5, 9.5], "texture": "#egg"},
				"west": {"uv": [3, 5, 3.5, 9.5], "texture": "#egg"},
				"up": {"uv": [3.5, 5, 3, 5.5], "rotation": 180, "texture": "#egg"},
				"down": {"uv": [3, 9, 3.5, 9.5], "texture": "#egg"}
			}
		},
		{
			"name": "egg_endermite_10",
			"from": [11, 3.5, 8],
			"to": [11.5, 11, 9],
			"rotation": {"angle": 0, "axis": "x", "origin": [8, 8, 16]},
			"faces": {
				"north": {"uv": [11, 12.5, 11.5, 5], "rotation": 180, "texture": "#egg"},
				"east": {"uv": [11, 5, 11.5, 12.5], "texture": "#egg"},
				"south": {"uv": [11, 5, 11.5, 12.5], "texture": "#egg"},
				"west": {"uv": [11, 5, 11.5, 12.5], "texture": "#egg"},
				"up": {"uv": [11.5, 5, 11, 5.5], "rotation": 180, "texture": "#egg"},
				"down": {"uv": [11, 12, 11.5, 12.5], "texture": "#egg"}
			}
		},
		{
			"name": "egg_endermite_11",
			"from": [11.5, 4.5, 8],
			"to": [12, 10, 9],
			"rotation": {"angle": 0, "axis": "x", "origin": [8, 8, 16]},
			"faces": {
				"north": {"uv": [11.5, 11.5, 12, 6], "rotation": 180, "texture": "#egg"},
				"east": {"uv": [11.5, 6, 12, 11.5], "texture": "#egg"},
				"south": {"uv": [11.5, 6, 12, 11.5], "texture": "#egg"},
				"west": {"uv": [11.5, 6, 12, 11.5], "texture": "#egg"},
				"up": {"uv": [12, 6, 11.5, 6.5], "rotation": 180, "texture": "#egg"},
				"down": {"uv": [11.5, 11, 12, 11.5], "texture": "#egg"}
			}
		},
		{
			"name": "egg_endermite_12",
			"from": [12, 5.5, 8],
			"to": [12.5, 8.5, 9],
			"rotation": {"angle": 0, "axis": "x", "origin": [8, 8, 16]},
			"faces": {
				"north": {"uv": [12, 10.5, 12.5, 7.5], "rotation": 180, "texture": "#egg"},
				"east": {"uv": [12, 7.5, 12.5, 10.5], "texture": "#egg"},
				"south": {"uv": [12, 7.5, 12.5, 10.5], "texture": "#egg"},
				"west": {"uv": [12, 7.5, 12.5, 10.5], "texture": "#egg"},
				"up": {"uv": [12.5, 7.5, 12, 8], "rotation": 180, "texture": "#egg"},
				"down": {"uv": [12, 10, 12.5, 10.5], "texture": "#egg"}
			}
		},
		{
			"name": "egg_endermite_13",
			"from": [5, 3.5, 8],
			"to": [5.5, 4, 9],
			"rotation": {"angle": 0, "axis": "x", "origin": [8, 8, 16]},
			"faces": {
				"north": {"uv": [5, 12.5, 5.5, 12], "rotation": 180, "texture": "#egg"},
				"east": {"uv": [5, 12, 5.5, 12.5], "texture": "#egg"},
				"south": {"uv": [5, 12, 5.5, 12.5], "texture": "#egg"},
				"west": {"uv": [5, 12, 5.5, 12.5], "texture": "#egg"},
				"up": {"uv": [5.5, 12, 5, 12.5], "rotation": 180, "texture": "#egg"},
				"down": {"uv": [5, 12, 5.5, 12.5], "texture": "#egg"}
			}
		},
		{
			"name": "egg_endermite_14",
			"from": [6.5, 2.5, 8],
			"to": [7.5, 3, 9],
			"rotation": {"angle": 0, "axis": "x", "origin": [8, 8, 16]},
			"faces": {
				"north": {"uv": [6.5, 13.5, 7.5, 13], "rotation": 180, "texture": "#egg"},
				"east": {"uv": [7, 13, 7.5, 13.5], "texture": "#egg"},
				"south": {"uv": [6.5, 13, 7.5, 13.5], "texture": "#egg"},
				"west": {"uv": [6.5, 13, 7, 13.5], "texture": "#egg"},
				"up": {"uv": [7.5, 13, 6.5, 13.5], "rotation": 180, "texture": "#egg"},
				"down": {"uv": [6.5, 13, 7.5, 13.5], "texture": "#egg"}
			}
		}
	],
	"groups": [0,
		{
			"name": "egg_endermite",
			"origin": [8, 8, 8],
			"children": [1, 2, 3, 4, 5, 6, 7, 8, 9, 10, 11, 12, 13, 14, 15]
		}
	]
}