{
	"credit": "Made with Blockbench",
	"parent": "item/spawn_egg_master",
	"textures": {
		"egg": "#egg"
	},
	"elements": [
		{
			"name": "spawn_egg_nice_med_0",
			"from": [6, 1.5, 8],
			"to": [9.5, 14, 9],
			"rotation": {"angle": 0, "axis": "x", "origin": [8, 8, 16]},
			"faces": {
				"north": {"uv": [6, 14.5, 9.5, 2], "rotation": 180, "texture": "#egg"},
				"east": {"uv": [9, 2, 9.5, 14.5], "texture": "#egg"},
				"south": {"uv": [6, 2, 9.5, 14.5], "texture": "#egg"},
				"west": {"uv": [6, 2, 6.5, 14.5], "texture": "#egg"},
				"up": {"uv": [9.5, 2, 6, 2.5], "rotation": 180, "texture": "#egg"},
				"down": {"uv": [6, 14, 9.5, 14.5], "texture": "#egg"}
			}
		},
		{
			"name": "spawn_egg_nice_med_1",
			"from": [5, 2, 8],
			"to": [6, 13.5, 9],
			"rotation": {"angle": 0, "axis": "x", "origin": [8, 8, 16]},
			"faces": {
				"north": {"uv": [5, 14, 6, 2.5], "rotation": 180, "texture": "#egg"},
				"east": {"uv": [5.5, 2.5, 6, 14], "texture": "#egg"},
				"south": {"uv": [5, 2.5, 6, 14], "texture": "#egg"},
				"west": {"uv": [5, 2.5, 5.5, 14], "texture": "#egg"},
				"up": {"uv": [6, 2.5, 5, 3], "rotation": 180, "texture": "#egg"},
				"down": {"uv": [5, 13.5, 6, 14], "texture": "#egg"}
			}
		},
		{
			"name": "spawn_egg_nice_med_2",
			"from": [9.5, 2, 8],
			"to": [10.5, 13.5, 9],
			"rotation": {"angle": 0, "axis": "x", "origin": [8, 8, 16]},
			"faces": {
				"north": {"uv": [9.5, 14, 10.5, 2.5], "rotation": 180, "texture": "#egg"},
				"east": {"uv": [10, 2.5, 10.5, 14], "texture": "#egg"},
				"south": {"uv": [9.5, 2.5, 10.5, 14], "texture": "#egg"},
				"west": {"uv": [9.5, 2.5, 10, 14], "texture": "#egg"},
				"up": {"uv": [10.5, 2.5, 9.5, 3], "rotation": 180, "texture": "#egg"},
				"down": {"uv": [9.5, 13.5, 10.5, 14], "texture": "#egg"}
			}
		},
		{
			"name": "spawn_egg_nice_med_3",
			"from": [4, 2.5, 8],
			"to": [5, 13, 9],
			"rotation": {"angle": 0, "axis": "x", "origin": [8, 8, 16]},
			"faces": {
				"north": {"uv": [4, 13.5, 5, 3], "rotation": 180, "texture": "#egg"},
				"east": {"uv": [4.5, 3, 5, 13.5], "texture": "#egg"},
				"south": {"uv": [4, 3, 5, 13.5], "texture": "#egg"},
				"west": {"uv": [4, 3, 4.5, 13.5], "texture": "#egg"},
				"up": {"uv": [5, 3, 4, 3.5], "rotation": 180, "texture": "#egg"},
				"down": {"uv": [4, 13, 5, 13.5], "texture": "#egg"}
			}
		},
		{
			"name": "spawn_egg_nice_med_4",
			"from": [10.5, 2.5, 8],
			"to": [11.5, 13, 9],
			"rotation": {"angle": 0, "axis": "x", "origin": [8, 8, 16]},
			"faces": {
				"north": {"uv": [10.5, 13.5, 11.5, 3], "rotation": 180, "texture": "#egg"},
				"east": {"uv": [11, 3, 11.5, 13.5], "texture": "#egg"},
				"south": {"uv": [10.5, 3, 11.5, 13.5], "texture": "#egg"},
				"west": {"uv": [10.5, 3, 11, 13.5], "texture": "#egg"},
				"up": {"uv": [11.5, 3, 10.5, 3.5], "rotation": 180, "texture": "#egg"},
				"down": {"uv": [10.5, 13, 11.5, 13.5], "texture": "#egg"}
			}
		},
		{
			"name": "spawn_egg_nice_med_5",
			"from": [3.5, 3, 8],
			"to": [4, 12.5, 9],
			"rotation": {"angle": 0, "axis": "x", "origin": [8, 8, 16]},
			"faces": {
				"north": {"uv": [3.5, 13, 4, 3.5], "rotation": 180, "texture": "#egg"},
				"east": {"uv": [3.5, 3.5, 4, 13], "texture": "#egg"},
				"south": {"uv": [3.5, 3.5, 4, 13], "texture": "#egg"},
				"west": {"uv": [3.5, 3.5, 4, 13], "texture": "#egg"},
				"up": {"uv": [4, 3.5, 3.5, 4], "rotation": 180, "texture": "#egg"},
				"down": {"uv": [3.5, 12.5, 4, 13], "texture": "#egg"}
			}
		},
		{
			"name": "spawn_egg_nice_med_6",
			"from": [11.5, 3, 8],
			"to": [12, 12.5, 9],
			"rotation": {"angle": 0, "axis": "x", "origin": [8, 8, 16]},
			"faces": {
				"north": {"uv": [11.5, 13, 12, 3.5], "rotation": 180, "texture": "#egg"},
				"east": {"uv": [11.5, 3.5, 12, 13], "texture": "#egg"},
				"south": {"uv": [11.5, 3.5, 12, 13], "texture": "#egg"},
				"west": {"uv": [11.5, 3.5, 12, 13], "texture": "#egg"},
				"up": {"uv": [12, 3.5, 11.5, 4], "rotation": 180, "texture": "#egg"},
				"down": {"uv": [11.5, 12.5, 12, 13], "texture": "#egg"}
			}
		},
		{
			"name": "spawn_egg_nice_med_7",
			"from": [3, 3.5, 8],
			"to": [3.5, 12, 9],
			"rotation": {"angle": 0, "axis": "x", "origin": [8, 8, 16]},
			"faces": {
				"north": {"uv": [3, 12.5, 3.5, 4], "rotation": 180, "texture": "#egg"},
				"east": {"uv": [3, 4, 3.5, 12.5], "texture": "#egg"},
				"south": {"uv": [3, 4, 3.5, 12.5], "texture": "#egg"},
				"west": {"uv": [3, 4, 3.5, 12.5], "texture": "#egg"},
				"up": {"uv": [3.5, 4, 3, 4.5], "rotation": 180, "texture": "#egg"},
				"down": {"uv": [3, 12, 3.5, 12.5], "texture": "#egg"}
			}
		},
		{
			"name": "spawn_egg_nice_med_8",
			"from": [12, 3.5, 8],
			"to": [12.5, 12, 9],
			"rotation": {"angle": 0, "axis": "x", "origin": [8, 8, 16]},
			"faces": {
				"north": {"uv": [12, 12.5, 12.5, 4], "rotation": 180, "texture": "#egg"},
				"east": {"uv": [12, 4, 12.5, 12.5], "texture": "#egg"},
				"south": {"uv": [12, 4, 12.5, 12.5], "texture": "#egg"},
				"west": {"uv": [12, 4, 12.5, 12.5], "texture": "#egg"},
				"up": {"uv": [12.5, 4, 12, 4.5], "rotation": 180, "texture": "#egg"},
				"down": {"uv": [12, 12, 12.5, 12.5], "texture": "#egg"}
			}
		},
		{
			"name": "spawn_egg_nice_med_9",
			"from": [2.5, 4, 8],
			"to": [3, 11.5, 9],
			"rotation": {"angle": 0, "axis": "x", "origin": [8, 8, 16]},
			"faces": {
				"north": {"uv": [2.5, 12, 3, 4.5], "rotation": 180, "texture": "#egg"},
				"east": {"uv": [2.5, 4.5, 3, 12], "texture": "#egg"},
				"south": {"uv": [2.5, 4.5, 3, 12], "texture": "#egg"},
				"west": {"uv": [2.5, 4.5, 3, 12], "texture": "#egg"},
				"up": {"uv": [3, 4.5, 2.5, 5], "rotation": 180, "texture": "#egg"},
				"down": {"uv": [2.5, 11.5, 3, 12], "texture": "#egg"}
			}
		},
		{
			"name": "spawn_egg_nice_med_10",
			"from": [12.5, 4, 8],
			"to": [13, 11.5, 9],
			"rotation": {"angle": 0, "axis": "x", "origin": [8, 8, 16]},
			"faces": {
				"north": {"uv": [12.5, 12, 13, 4.5], "rotation": 180, "texture": "#egg"},
				"east": {"uv": [12.5, 4.5, 13, 12], "texture": "#egg"},
				"south": {"uv": [12.5, 4.5, 13, 12], "texture": "#egg"},
				"west": {"uv": [12.5, 4.5, 13, 12], "texture": "#egg"},
				"up": {"uv": [13, 4.5, 12.5, 5], "rotation": 180, "texture": "#egg"},
				"down": {"uv": [12.5, 11.5, 13, 12], "texture": "#egg"}
			}
		},
		{
			"name": "spawn_egg_nice_med_11",
			"from": [2, 5, 8],
			"to": [2.5, 10.5, 9],
			"rotation": {"angle": 0, "axis": "x", "origin": [8, 8, 16]},
			"faces": {
				"north": {"uv": [2, 11, 2.5, 5.5], "rotation": 180, "texture": "#egg"},
				"east": {"uv": [2, 5.5, 2.5, 11], "texture": "#egg"},
				"south": {"uv": [2, 5.5, 2.5, 11], "texture": "#egg"},
				"west": {"uv": [2, 5.5, 2.5, 11], "texture": "#egg"},
				"up": {"uv": [2.5, 5.5, 2, 6], "rotation": 180, "texture": "#egg"},
				"down": {"uv": [2, 10.5, 2.5, 11], "texture": "#egg"}
			}
		},
		{
			"name": "spawn_egg_nice_med_12",
			"from": [13, 5, 8],
			"to": [13.5, 10.5, 9],
			"rotation": {"angle": 0, "axis": "x", "origin": [8, 8, 16]},
			"faces": {
				"north": {"uv": [13, 11, 13.5, 5.5], "rotation": 180, "texture": "#egg"},
				"east": {"uv": [13, 5.5, 13.5, 11], "texture": "#egg"},
				"south": {"uv": [13, 5.5, 13.5, 11], "texture": "#egg"},
				"west": {"uv": [13, 5.5, 13.5, 11], "texture": "#egg"},
				"up": {"uv": [13.5, 5.5, 13, 6], "rotation": 180, "texture": "#egg"},
				"down": {"uv": [13, 10.5, 13.5, 11], "texture": "#egg"}
			}
		},
		{
			"name": "spawn_egg_nice_med_13",
			"from": [1.5, 6, 8],
			"to": [2, 9.5, 9],
			"rotation": {"angle": 0, "axis": "x", "origin": [8, 8, 16]},
			"faces": {
				"north": {"uv": [1.5, 10, 2, 6.5], "rotation": 180, "texture": "#egg"},
				"east": {"uv": [1.5, 6.5, 2, 10], "texture": "#egg"},
				"south": {"uv": [1.5, 6.5, 2, 10], "texture": "#egg"},
				"west": {"uv": [1.5, 6.5, 2, 10], "texture": "#egg"},
				"up": {"uv": [2, 6.5, 1.5, 7], "rotation": 180, "texture": "#egg"},
				"down": {"uv": [1.5, 9.5, 2, 10], "texture": "#egg"}
			}
		},
		{
			"name": "spawn_egg_nice_med_14",
			"from": [13.5, 6, 8],
			"to": [14, 9.5, 9],
			"rotation": {"angle": 0, "axis": "x", "origin": [8, 8, 16]},
			"faces": {
				"north": {"uv": [13.5, 10, 14, 6.5], "rotation": 180, "texture": "#egg"},
				"east": {"uv": [13.5, 6.5, 14, 10], "texture": "#egg"},
				"south": {"uv": [13.5, 6.5, 14, 10], "texture": "#egg"},
				"west": {"uv": [13.5, 6.5, 14, 10], "texture": "#egg"},
				"up": {"uv": [14, 6.5, 13.5, 7], "rotation": 180, "texture": "#egg"},
				"down": {"uv": [13.5, 9.5, 14, 10], "texture": "#egg"}
			}
		}
	],
	"groups": [0,
		{
			"name": "spawn_egg_nice_med",
			"origin": [8, 8, 8],
			"children": [1, 2, 3, 4, 5, 6, 7, 8, 9, 10, 11, 12, 13, 14, 15]
		}
	]
}