{"stat.useItem.minecraft.bow":10,"stat.pickup.minecraft.stone_pressure_plate":1,"stat.pickup.minecraft.redstone_torch":1,"stat.horseOneCm":15409,"stat.pickup.baublelicious.itembeltwaterwalking":1,"stat.leaveGame":74,"stat.killEntity.Blaze":1,"stat.useItem.minecraft.diamond_sword":630,"stat.swimOneCm":26464,"stat.climbOneCm":532,"stat.pickup.minecraft.porkchop":1,"stat.pickup.baublelicious.itemspeedbelt":2,"stat.useItem.minecraft.stone_slab2":1466,"stat.pickup.customnpcs.npcwand":2,"stat.pickup.minecraft.rotten_flesh":2,"stat.useItem.variedcommodities.rapier":159,"stat.killEntity.Donkey":1,"stat.useItem.customnpcs.npcsoulstonefilled":11,"stat.killEntity.Enderman":2,"stat.useItem.variedcommodities.excalibur":12,"stat.aviateOneCm":3864837,"stat.flyOneCm":3685640,"stat.useItem.minecraft.ender_pearl":395,"stat.pickup.minecraft.glass_bottle":1,"stat.killEntity.ZombieHorse":1,"stat.killEntity.Witch":1,"stat.timeSinceDeath":106574,"stat.useItem.minecraft.spawn_egg":15,"stat.killEntity.Bat":1,"stat.furnaceInteraction":3,"stat.pickup.variedcommodities.x407_head":1,"stat.killEntity.Creeper":2,"stat.talkedToVillager":15,"stat.pickup.minecraft.string":2,"stat.drop.customnpcs.npcwand":1,"stat.pickup.baublelicious.itemamuletnightvision":1,"stat.pickup.minecraft.totem_of_undying":1,"stat.sprintOneCm":414827,"stat.useItem.minecraft.diamond_shovel":1,"stat.useItem.minecraft.ender_eye":17,"stat.useItem.minecraft.wooden_shovel":13,"stat.deaths":51,"stat.drop":9,"stat.playOneMinute":6725778,"stat.pickup.variedcommodities.crossbow":1,"stat.diveOneCm":46119,"stat.pickup.minecraft.wheat":1,"stat.chestOpened":18,"stat.useItem.minecraft.splash_potion":2155,"stat.killEntity.EvocationIllager":1,"stat.useItem.minecraft.diamond_axe":39,"stat.killEntity.Ghast":2,"stat.drop.minecraft.apple":1,"stat.jump":3129,"stat.killEntity.SkeletonHorse":2,"stat.fallOneCm":34158,"stat.pickup.minecraft.gunpowder":1,"stat.crouchOneCm":21113,"stat.useItem.cfm.tv_remote":24,"stat.craftingTableInteraction":5,"stat.pickup.variedcommodities.assassin_head":1,"stat.pickup.minecraft.comparator":1,"stat.damageTaken":13772,"stat.pickup.minecraft.leather":2,"stat.pickup.variedcommodities.assassin_boots":1,"stat.pickup.minecraft.ender_eye":14,"stat.useItem.customnpcs.npcwand":40,"stat.killEntity.CaveSpider":2,"stat.pickup.minecraft.wheat_seeds":1,"stat.damageDealt":45501878,"stat.sleepInBed":1,"stat.killEntity.Cow":1,"stat.killEntity.Pig":5,"stat.useItem.customnpcs.npcmobcloner":43,"stat.walkOneCm":1098615,"stat.pickup.minecraft.stick":1,"stat.shulkerBoxOpened":1,"stat.drop.minecraft.sapling":7,"stat.pickup.minecraft.sapling":10,"stat.pickup.minecraft.apple":1,"stat.useItem.minecraft.fireworks":59,"stat.killEntity.ElderGuardian":1,"stat.killEntity.Chicken":1,"stat.killEntity.Spider":1,"stat.mobKills":177,"stat.killEntity.Mule":1,"stat.pickup.variedcommodities.assassin_chest":2,"stat.pickup.minecraft.torch":2,"stat.sneakTime":15668,"stat.useItem.variedcommodities.saber":319,"stat.useItem.minecraft.wooden_axe":2,"stat.pickup.variedcommodities.assassin_legs":2}