{"stat.chestOpened":13,"stat.pickup.minecraft.sign":11,"stat.mineBlock.cfm.present":1,"stat.leaveGame":15,"stat.useItem.variedcommodities.demonic_broadsword":8,"stat.useItem.minecraft.diamond_sword":48,"stat.pickup.customnpcs.npccarpentybench":1,"stat.pickup.minecraft.diamond_sword":1,"stat.jump":1687,"stat.swimOneCm":518,"stat.fallOneCm":1718,"stat.pickup.minecraft.porkchop":1,"stat.crouchOneCm":16288,"stat.useItem.cfm.tv_remote":151,"stat.useItem.minecraft.stone_slab2":2605,"stat.pickup.customnpcs.npcwand":1,"stat.useItem.minecraft.water_bucket":26,"stat.craftingTableInteraction":5,"stat.drop.variedcommodities.coin_bronze":10,"stat.killEntity.Donkey":11,"stat.pickup.minecraft.anvil":1,"stat.pickup.minecraft.leather":2,"stat.damageTaken":1250,"stat.useItem.customnpcs.npcsoulstonefilled":88,"stat.useItem.variedcommodities.demonic_sword":20,"stat.useItem.customnpcs.npcwand":48,"stat.flyOneCm":1261569,"stat.useItem.minecraft.ender_pearl":235,"stat.pickup.minecraft.wheat_seeds":1,"stat.damageDealt":9265,"stat.sleepInBed":6,"stat.timeSinceDeath":309931,"stat.killEntity.Pig":8,"stat.useItem.customnpcs.npcmobcloner":8,"stat.flowerPotted":1,"stat.walkOneCm":512895,"stat.useItem.variedcommodities.lighter":6,"stat.pickup.minecraft.wooden_axe":2,"stat.drop.minecraft.porkchop":1,"stat.pickup.variedcommodities.coin_bronze":6,"stat.sprintOneCm":150153,"stat.useItem.customnpcs.npcmovingpath":12,"stat.pickup.minecraft.skull":1,"stat.useItem.minecraft.flint_and_steel":1,"stat.pickup.variedcommodities.tuxedo_bottom":1,"stat.useItem.minecraft.ender_eye":12,"stat.mobKills":25,"stat.deaths":7,"stat.pickup.props.props":1,"stat.drop":11,"stat.playOneMinute":2865428,"stat.pickup.minecraft.torch":1,"stat.sneakTime":9236,"stat.killEntity.Zombie":1,"stat.pickup.cfm.chair_oak":1,"stat.diveOneCm":1770}